codpesOfuscado,nompes,areaProdutividade,bolsa,nomeDepto,programaPos,anoFimCredenciamento,anoInicioCredenciamento,citacoesGoogleScholar,citacoesGoogleScholarPeriodo,citacoesScopus,citacoesScopusPeriodo,citacoesWos,citacoesWosPeriodo,codpes,documentoGoogleScholar,documentoScopus,documentoWoS,idLattes,idOrcid,idResearcherID,idScholar,idScopus,indicehGoogleScholar,indicehScopus,indicehWoS,,totalComColabInterPerc,totalDoutorado,totalEstratoA1,totalEstratoA2,totalEstratoB1,totalEstratoB2,totalEstratoB3,totalEstratoB4,totalEstratoB5,totalEstratoC,totalMestrado,totalProdComColabInter,totalProducoes,codigoProgramaPos,anoFimCredenciamento_grad,anoInicioCredenciamento_grad,areaProdutividade_grad,bolsa_grad,citacoesGoogleScholar_grad,citacoesGoogleScholarPeriodo_grad,citacoesScopus_grad,citacoesScopusPeriodo_grad,citacoesWos_grad,citacoesWosPeriodo_grad,codpes_grad,documentoGoogleScholar_grad,documentoScopus_grad,documentoWoS_grad,idLattes_grad,idOrcid_grad,idResearcherID_grad,idScholar_grad,idScopus_grad,indicehGoogleScholar_grad,indicehScopus_grad,indicehWoS_grad,nompes_grad,totalComColabInterPerc_grad,totalDoutorado_grad,totalEstratoA1_grad,totalEstratoA2_grad,totalEstratoB1_grad,totalEstratoB2_grad,totalEstratoB3_grad,totalEstratoB4_grad,totalEstratoB5_grad,totalEstratoC_grad,totalMestrado_grad,totalProdComColabInter_grad,totalProducoes_grad,codigoDepto,,siglaDepto
2194549,Gerhard Malnic,Biofísica de Processos e Sistemas,PQ-SR,,Ciências (Fisiologia Humana),2018,2015,5950,1093,2978,606,209,73,,381,165,28,6276812361732093,não informado,não informado,iy3fvooAAAAJ,7006348419,39,28,9,,0.0,1,2,1,6,0,0,0,0,0,0,0,0,42006,,,,,,,,,,,,,,,,,,,,,,,,,,,,,,,,,,,,,,,
3284338,Heloiza Ramos Barbosa, , ,,Ciências Biológicas (Microbiologia),2015,2012,658,343,396,238,27,12,,66,20,5,6363259757380295,não informado,não informado,LFQDbv4AAAAJ,7006790181,12,10,3,,0.0,2,0,0,1,0,0,0,0,0,0,0,0,42008,,,,,,,,,,,,,,,,,,,,,,,,,,,,,,,,,,,,,,,
3496558,Margarida de Mello Aires, , ,,Ciências (Fisiologia Humana),2015,2010,2039,334,735,99,14,4,,184,61,2,288610086501061,não informado,não informado,avvTow8AAAAJ,6603767427,21,16,2,,0.0,1,0,1,2,0,0,0,0,0,1,0,0,42006,,,,,,,,,,,,,,,,,,,,,,,,,,,,,,,,,,,,,,,
3758427,Vera Lucia Garcia Calich,Imunologia Celular,PQ-1B,Immunology,Imunologia,2023,2018,4415,1273,2743,821,2443,512,,287,97,81,2262742706305608,0000-0002-2170-5099,G-8367-2011,myMLb64AAAAJ,7004594949,38,30,31,,0.0,0,16,4,2,0,1,0,0,0,1,0,0,42007,0.0,0.0,,,,,,,,,,,,,2262742706305608,0000-0002-2170-5099,G-8367-2011,myMLb64AAAAJ,7004594949,,,,Vera Lucia Garcia Calich,0.0,0.0,0.0,0.0,0.0,0.0,0.0,0.0,0.0,0.0,0.0,0.0,0.0,1526.0,,BMI
5355579,Wothan Tavares de Lima,Farmacologia Geral,PQ-1D,Pharmacology,Farmacologia,2020,2017,0,0,1314,79,1035,489,,0,82,81,898805556223937,não informado,H-7486-2013,GsZ9umoAAAAJ,55663171000,0,21,20,,20.0,3,1,2,4,4,0,0,1,0,3,2,10,42005,0.0,0.0,,,,,,,,,,,,,898805556223937,-,H-7486-2013,GsZ9umoAAAAJ,55663171000,,,,Wothan Tavares de Lima,0.0,0.0,0.0,0.0,0.0,0.0,0.0,0.0,0.0,0.0,0.0,0.0,0.0,1524.0,,BMF
5523128,Bianca Silvana Zingales,Bioquímica dos Microorganismos,PQ-1A,,Ciências (Biologia da Relação Patógeno-Hospedeiro),2019,2016,6884,2059,4956,753,298,102,,224,100,15,8878039083751447,0000-0001-5490-007X,não informado,iWB7XD4AAAAJ,7006076454,43,38,10,,0.0,0,0,2,4,1,0,0,0,0,3,0,0,42004,,,,,,,,,,,,,,,,,,,,,,,,,,,,,,,,,,,,,,,
5779888,Angelo Rafael Carpinelli,Fisiologia Endócrina,PQ-1C,Physiology and Biophysics,Ciências (Fisiologia Humana),2021,2016,4140,1362,2815,927,2912,834,,251,109,124,374906152658699,0000-0002-0781-4934,G-8566-2011,DdjxwbkAAAAJ,7006066932,34,27,27,,20.0,6,1,5,6,3,0,0,0,0,1,2,10,42006,0.0,0.0,,,,,,,,,,,,,374906152658699,0000-0002-0781-4934,G-8566-2011,DdjxwbkAAAAJ,7006066932,,,,Angelo Rafael Carpinelli,0.0,0.0,0.0,0.0,0.0,0.0,0.0,0.0,0.0,0.0,0.0,0.0,0.0,1523.0,,BMB
5840934,Moacyr Luiz Aizenstein, , ,Pharmacology,Farmacologia,2015,2012,0,0,505,63,1,0,,0,38,1,8342242542072889,não informado,não informado,não informado,6701803655,0,8,1,,0.0,0,0,0,0,0,0,0,0,1,1,0,0,42005,0.0,0.0,,,,,,,,,,,,,8342242542072889,-,-,-,6701803655,,,,Moacyr Luiz Aizenstein,0.0,0.0,0.0,0.0,0.0,0.0,0.0,0.0,0.0,0.0,0.0,0.0,0.0,1524.0,,BMF
5882723,Maria Helena Catelli de Carvalho,Biomedicina,PQ-1B,Pharmacology,Farmacologia,2018,2013,6202,2509,3484,1365,2943,1071,,596,144,226,5055165961832291,não informado,C-8539-2013,Snhd2NoAAAAJ,7201414088,42,32,29,,42.85714285714,2,3,3,8,3,0,0,0,0,0,9,21,42005,0.0,0.0,,,,,,,,,,,,,5055165961832291,-,C-8539-2013,Snhd2NoAAAAJ,7201414088,,,,Maria Helena Catelli de Carvalho,0.0,0.0,0.0,0.0,0.0,0.0,0.0,0.0,0.0,0.0,0.0,0.0,0.0,1524.0,,BMF
6383667,Antonio Carlos Cassola, , ,Physiology and Biophysics,Ciências (Fisiologia Humana),2016,2011,0,0,611,89,16,8,,0,26,3,971058514658582,não informado,não informado,não informado,6603968005,0,14,2,,0.0,0,0,0,1,0,0,0,0,0,1,0,0,42006,0.0,0.0,,,,,,,,,,,,,971058514658582,-,-,-,6603968005,,,,Antonio Carlos Cassola,0.0,0.0,0.0,0.0,0.0,0.0,0.0,0.0,0.0,0.0,0.0,0.0,0.0,1523.0,,BMB
6455193,Telma Maria Tenorio Zorn,Citologia e Biologia Celular,PQ-1C,Cellular and Development Biology,Biologia de Sistemas,2019,2014,0,0,1744,553,1696,516,,0,104,86,1125748141322296,não informado,C-4065-2008,não informado,35582391300,0,23,23,,66.66666666666,1,2,3,5,2,1,0,0,2,2,2,3,42003,0.0,0.0,,,,,,,,,,,,,1125748141322296,-,C-4065-2008,-,35582391300,,,,Telma Maria Tenorio Zorn,0.0,0.0,0.0,0.0,0.0,0.0,0.0,0.0,0.0,0.0,0.0,0.0,0.0,1525.0,,BMC
6486109,Lisete Compagno Michelini,Fisiologia Cardiovascular,PQ-1C,Physiology and Biophysics,Ciências (Fisiologia Humana),2021,2016,2819,1166,1800,711,1420,450,,317,76,104,7970704932733980,0000-0003-2978-5406,C-6485-2012,MmlsM4MAAAAJ,7003379276,33,26,25,,0.0,5,2,6,9,4,0,0,0,2,4,0,0,42006,0.0,0.0,,,,,,,,,,,,,7970704932733980,0000-0003-2978-5406,C-6485-2012,MmlsM4MAAAAJ,7003379276,,,,Lisete Compagno Michelini,0.0,0.0,0.0,0.0,0.0,0.0,0.0,0.0,0.0,0.0,0.0,0.0,0.0,1523.0,,BMB
6579119,Solange Maria Gennari,Doenças Parasitárias de Animais,PQ-1A,,Ciências (Biologia da Relação Patógeno-Hospedeiro),2017,2012,10164,4825,3025,2002,4579,1979,,630,202,154,"9,78650526490937E+015",0000-0001-7500-5277,K-2447-2012,Gua78YoAAAAJ,7005859178,54,26,34,,0.0,0,1,2,6,13,4,10,9,1,0,0,0,42004,,,,,,,,,,,,,,,,,,,,,,,,,,,,,,,,,,,,,,,
6586455,Sonia Jancar Negro,Imunologia Celular,PQ-1A,Immunology,Imunologia,2023,2018,3568,1351,2556,970,2231,751,,347,156,166,2043108987479990,0000-0001-7983-3459,C-5153-2012,J9zBp5kAAAAJ,7006739680,33,27,25,,59.0909090909,7,9,2,5,4,0,0,0,0,0,13,22,42007,0.0,0.0,,,,,,,,,,,,,2043108987479990,0000-0001-7983-3459,C-5153-2012,J9zBp5kAAAAJ,7006739680,,,,Sonia Jancar Negro,0.0,0.0,0.0,0.0,0.0,0.0,0.0,0.0,0.0,0.0,0.0,0.0,0.0,1526.0,,BMI
6721647,Vivian Helena Pellizari,Oceanografia Biológica,PQ-1D,,Ciências Biológicas (Microbiologia),2019,2016,1976,1089,1312,771,1184,664,,193,61,60,1030689569102844,0000-0003-2757-6352,J-9153-2012,Hgkufw8AAAAJ,6506877129,20,18,17,,53.33333333333,3,3,6,3,4,2,0,0,1,3,8,15,42008,,,,,,,,,,,,,,,,,,,,,,,,,,,,,,,,,,,,,,,
6737105,Jose Alexandre Marzagao Barbuto,Imunologia Aplicada,PQ-1B,Immunology,Imunologia,2023,2018,1609,874,986,538,847,472,,225,80,94,400432783033740,0000-0001-9526-6781,H-5299-2011,DxggKEgAAAAJ,7004778090,22,18,17,,45.71428571428,6,14,2,4,3,1,0,0,1,3,16,35,42007,0.0,0.0,,,,,,,,,,,,,400432783033740,0000-0001-9526-6781,H-5299-2011,DxggKEgAAAAJ,7004778090,,,,Jose Alexandre Marzagao Barbuto,0.0,0.0,0.0,0.0,0.0,0.0,0.0,0.0,0.0,0.0,0.0,0.0,0.0,1526.0,,BMI
6779549,Nancy Starobinas, , ,,Imunologia,2024,2019,723,195,527,124,527,137,,107,44,56,"9,91461675325352E+015",não informado,B-9178-2015,AIV6CWQAAAAJ,6603552692,16,14,14,,14.28571428571,0,1,2,6,1,0,0,0,0,2,1,7,42007,,,,,,,,,,,,,,,,,,,,,,,,,,,,,,,,,,,,,,,
6849241,Marta Maria Geraldes Teixeira,Protozoologia de Parasitos,PQ-1A,Parasitology,Ciências (Biologia da Relação Patógeno-Hospedeiro),2018,2013,3070,868,3687,146,1743,481,,123,131,50,8067345143353691,não informado,B-1115-2009,-6e-7fkAAAAJ,55197433700,31,33,26,,0.0,8,0,4,22,2,3,0,0,0,3,0,0,42004,0.0,0.0,,,,,,,,,,,,,8067345143353691,-,B-1115-2009,-6e-7fkAAAAJ,55197433700,,,,Marta Maria Geraldes Teixeira,0.0,0.0,0.0,0.0,0.0,0.0,0.0,0.0,0.0,0.0,0.0,0.0,0.0,1528.0,,BMP
6969368,Maria Regina D'Imperio Lima,Imunologia Celular,PQ-1C,Immunology,Imunologia,2019,2014,2617,1244,1626,680,1482,607,,235,77,74,"9,05425099383674E+015",0000-0002-4683-7709,I-4747-2012,4FK99FYAAAAJ,6602094757,29,23,21,,40.90909090909,4,0,0,0,0,0,0,0,0,2,9,22,42007,0.0,0.0,,,,,,,,,,,,,"9,05425099383674E+015",0000-0002-4683-7709,I-4747-2012,4FK99FYAAAAJ,6602094757,,,,Maria Regina D'Imperio Lima,0.0,0.0,0.0,0.0,0.0,0.0,0.0,0.0,0.0,0.0,0.0,0.0,0.0,1526.0,,BMI
7225735,Carlos Frederico Martins Menck,Mutagenese,PQ-1A,Microbiology,Ciências Biológicas (Microbiologia),2020,2017,10394,3803,6986,2538,6632,2372,,437,172,168,8043136069525312,0000-0003-1941-0694,G-6321-2011,Z6faNa0AAAAJ,7004842673,45,38,36,,47.36842105263,3,18,4,4,4,3,0,0,1,0,9,19,42008,0.0,0.0,,,,,,,,,,,,,8043136069525312,0000-0003-1941-0694,G-6321-2011,Z6faNa0AAAAJ,7004842673,,,,Carlos Frederico Martins Menck,0.0,0.0,0.0,0.0,0.0,0.0,0.0,0.0,0.0,0.0,0.0,0.0,0.0,1527.0,,BMM
7316387,Marcus Vinicius Chrysostomo Baldo, , ,Physiology and Biophysics,Ciências (Fisiologia Humana),2023,2018,1522,631,805,389,816,309,,119,48,41,8605433707704530,não informado,A-4659-2012,uAYaeqoAAAAJ,7103225861,20,16,16,,0.0,2,0,1,3,1,0,0,0,0,0,0,1,42006,0.0,0.0,,,,,,,,,,,,,8605433707704530,-,A-4659-2012,uAYaeqoAAAAJ,7103225861,,,,Marcus Vinicius Chrysostomo Baldo,0.0,0.0,0.0,0.0,0.0,0.0,0.0,0.0,0.0,0.0,0.0,0.0,0.0,1523.0,,BMB
7418305,Dolores Ursula Mehnert, , ,Microbiology,Ciências Biológicas (Microbiologia),2015,2012,650,226,380,145,15,4,,105,19,3,2075668650817836,não informado,K-8647-2017,ziS-EggAAAAJ,6602151477,11,10,2,,0.0,1,0,1,2,0,0,0,0,0,0,0,0,42008,0.0,0.0,,,,,,,,,,,,,2075668650817836,-,K-8647-2017,ziS-EggAAAAJ,6602151477,,,,Dolores Ursula Mehnert,0.0,0.0,0.0,0.0,0.0,0.0,0.0,0.0,0.0,0.0,0.0,0.0,0.0,1527.0,,BMM
7418829,Ubiratan Fabres Machado,Fisiologia Endócrina,PQ-1B,Physiology and Biophysics,Ciências (Fisiologia Humana),2022,2017,3981,1948,2548,1221,2277,1102,,434,135,159,5803454603875321,não informado,F-3096-2017,ded_mi0AAAAJ,7004186558,36,27,26,,18.18181818181,4,5,11,10,11,0,0,0,0,3,6,33,42006,0.0,0.0,,,,,,,,,,,,,5803454603875321,-,F-3096-2017,ded_mi0AAAAJ,7004186558,,,,Ubiratan Fabres Machado,0.0,0.0,0.0,0.0,0.0,0.0,0.0,0.0,0.0,0.0,0.0,0.0,0.0,1523.0,,BMB
7421580,Sirlei Daffre,Entomologia e Malacologia de Parasitos e Vetores,PQ-1B,Parasitology,Ciências (Biologia da Relação Patógeno-Hospedeiro),2021,2018,3102,1209,2243,868,2242,823,,160,71,96,778380717624350,não informado,M-4233-2013,C5-0i_8AAAAJ,6603389493,33,30,30,,36.36363636363,2,3,0,8,3,0,0,0,0,0,4,11,42004,0.0,0.0,,,,,,,,,,,,,778380717624350,-,M-4233-2013,C5-0i_8AAAAJ,6603389493,,,,Sirlei Daffre,0.0,0.0,0.0,0.0,0.0,0.0,0.0,0.0,0.0,0.0,0.0,0.0,0.0,1528.0,,BMP
7488521,Silvia Celina Alfieri, , ,Parasitology,Ciências (Biologia da Relação Patógeno-Hospedeiro),2014,2009,730,207,528,142,487,108,,72,30,25,5632077118132983,0000-0001-9574-2151,G-2132-2012,s0Pkd10AAAAJ,7004108789,18,15,16,,0.0,0,0,0,1,0,0,0,0,0,0,0,0,42004,0.0,0.0,,,,,,,,,,,,,5632077118132983,0000-0001-9574-2151,G-2132-2012,s0Pkd10AAAAJ,7004108789,,,,Silvia Celina Alfieri,0.0,0.0,0.0,0.0,0.0,0.0,0.0,0.0,0.0,0.0,0.0,0.0,0.0,1528.0,,BMP
7524415,Ronald Dennis Paul Kenneth Clive Ranvaud, , ,Physiology and Biophysics,Ciências (Fisiologia Humana),2016,2011,1005,400,687,179,0,0,,154,44,0,2000759367292897,não informado,não informado,4dk_gL4AAAAJ,6603513105,18,13,0,,0.0,1,0,0,0,1,0,0,1,0,1,0,0,42006,0.0,0.0,,,,,,,,,,,,,2000759367292897,-,-,4dk_gL4AAAAJ,6603513105,,,,Ronald Dennis Paul Kenneth Clive Ranvaud,0.0,0.0,0.0,0.0,0.0,0.0,0.0,0.0,0.0,0.0,0.0,0.0,0.0,1523.0,,BMB
7825846,Jose Maria Alvarez Mosig,Imunologia Celular,PQ-2,Immunology,Imunologia,2022,2017,2412,1056,1196,491,1327,471,,240,64,65,7910316260825763,0000-0002-9711-4914,I-6181-2012,XhAfAIkAAAAJ,35585239800,28,21,22,,42.85714285714,2,10,1,7,0,0,0,0,0,3,6,14,42007,0.0,0.0,,,,,,,,,,,,,7910316260825763,0000-0002-9711-4914,I-6181-2012,XhAfAIkAAAAJ,35585239800,,,,Jose Maria Alvarez Mosig,0.0,0.0,0.0,0.0,0.0,0.0,0.0,0.0,0.0,0.0,0.0,0.0,0.0,1526.0,,BMI
7887940,Glaucia Maria Machado Santelli,Citologia e Biologia Celular,PQ-1D,Cellular and Development Biology,Biologia de Sistemas,2023,2018,6579,5258,2660,2179,2394,2040,,175,80,76,4755943914388257,0000-0003-2046-9693,C-6775-2013,i1xvXxQAAAAJ,6701370864,24,19,18,,23.07692307692,4,3,2,5,0,3,2,0,0,6,3,13,42003,0.0,0.0,,,,,,,,,,,,,4755943914388257,0000-0003-2046-9693,C-6775-2013,i1xvXxQAAAAJ,6701370864,,,,Glaucia Maria Machado Santelli,0.0,0.0,0.0,0.0,0.0,0.0,0.0,0.0,0.0,0.0,0.0,0.0,0.0,1525.0,,BMC
7946235,Silvia Reni Bortolin Uliana,Protozoologia de Parasitos,PQ-1D,Parasitology,Ciências (Biologia da Relação Patógeno-Hospedeiro),2020,2017,1528,762,1094,542,1008,479,,79,53,46,5238500995853873,não informado,I-8257-2014,VmXoo7MAAAAJ,6602921106,22,19,18,,7.14285714285,0,2,8,9,2,0,0,0,0,0,1,14,42004,0.0,0.0,,,,,,,,,,,,,5238500995853873,-,I-8257-2014,VmXoo7MAAAAJ,6602921106,,,,Silvia Reni Bortolin Uliana,0.0,0.0,0.0,0.0,0.0,0.0,0.0,0.0,0.0,0.0,0.0,0.0,0.0,1528.0,,BMP
7958549,Marinilce Fagundes dos Santos,Citologia e Biologia Celular,PQ-2,Cellular and Development Biology,Biologia de Sistemas,2021,2016,5711,2438,1241,571,1099,504,,294,61,56,3538406078316217,0000-0002-3257-3327,G-9548-2011,9Nb25RwAAAAJ,7402562838,28,19,17,,30.76923076923,3,1,2,6,0,3,0,0,1,4,4,13,42003,0.0,0.0,,,,,,,,,,,,,3538406078316217,0000-0002-3257-3327,G-9548-2011,9Nb25RwAAAAJ,7402562838,,,,Marinilce Fagundes dos Santos,0.0,0.0,0.0,0.0,0.0,0.0,0.0,0.0,0.0,0.0,0.0,0.0,0.0,1525.0,,BMC
8334650,Eugenia Costanzi Strauss, , ,Cellular and Development Biology,Biologia de Sistemas,2016,2011,1175,250,171,73,716,128,,55,13,24,2372434124082952,não informado,N-2678-2016,nCVaRaoAAAAJ,6507293278,12,8,9,,33.33333333333,0,0,0,0,0,0,0,0,0,1,1,3,42003,0.0,0.0,,,,,,,,,,,,,2372434124082952,-,N-2678-2016,nCVaRaoAAAAJ,6507293278,,,,Eugenia Costanzi Strauss,0.0,0.0,0.0,0.0,0.0,0.0,0.0,0.0,0.0,0.0,0.0,0.0,0.0,1525.0,,BMC
8341069,Marcelo Urbano Ferreira,Protozoologia Parasitária Humana,PQ-1A,Parasitology,Ciências (Biologia da Relação Patógeno-Hospedeiro),2019,2014,17518,8185,5211,2280,4800,2158,,2523,173,159,5136161277318799,0000-0002-5293-9090,G-8289-2011,Z0PknWEAAAAJ,7402787474,62,42,38,,74.28571428571,5,9,11,14,3,3,0,0,0,3,26,35,42004,0.0,0.0,,,,,,,,,,,,,5136161277318799,0000-0002-5293-9090,G-8289-2011,Z0PknWEAAAAJ,7402787474,,,,Marcelo Urbano Ferreira,0.0,0.0,0.0,0.0,0.0,0.0,0.0,0.0,0.0,0.0,0.0,0.0,0.0,1528.0,,BMP
8532722,Gabriel Padilla Maldonado, , ,Microbiology,Ciências Biológicas (Microbiologia),2020,2017,559,344,351,226,0,0,,93,40,0,1545364744239252,0000-0001-8086-3065,M-2183-2016,gdC6e6MAAAAJ,7005769931,14,10,0,,0.0,0,2,1,1,2,5,1,0,0,4,0,0,42008,0.0,0.0,,,,,,,,,,,,,1545364744239252,0000-0001-8086-3065,M-2183-2016,gdC6e6MAAAAJ,7005769931,,,,Gabriel Padilla Maldonado,0.0,0.0,0.0,0.0,0.0,0.0,0.0,0.0,0.0,0.0,0.0,0.0,0.0,1527.0,,BMM
8535473,Mario Julio Avila Campos, , ,Microbiology,Ciências Biológicas (Microbiologia),2021,2018,4050,2296,1773,945,1499,795,,248,112,91,482640932572574,não informado,D-7727-2012,O3rNi_wAAAAJ,7003430597,30,22,21,,27.27272727272,2,1,3,6,5,4,2,1,3,2,3,11,42008,0.0,0.0,,,,,,,,,,,,,482640932572574,-,D-7727-2012,O3rNi_wAAAAJ,7003430597,,,,Mario Julio Avila Campos,0.0,0.0,0.0,0.0,0.0,0.0,0.0,0.0,0.0,0.0,0.0,0.0,0.0,1527.0,,BMM
8667128,Jose Roberto Machado Cunha da Silva, , ,Cellular and Development Biology,Biologia de Sistemas,2023,2018,0,0,202,116,355,174,,0,26,39,859232258752648,0000-0002-1687-8526,H-7496-2016,não informado,7201733224,0,10,12,,0.0,8,0,2,3,0,6,0,0,0,2,0,0,42003,0.0,0.0,,,,,,,,,,,,,859232258752648,0000-0002-1687-8526,H-7496-2016,-,7201733224,,,,Jose Roberto Machado Cunha da Silva,0.0,0.0,0.0,0.0,0.0,0.0,0.0,0.0,0.0,0.0,0.0,0.0,0.0,1525.0,,BMC
8669355,Maria Ines Borella,Piscicultura,PQ-2,Cellular and Development Biology,Biologia de Sistemas,2019,2014,677,300,345,170,302,131,,117,31,27,3348496938277269,não informado,E-1489-2015,kneD144AAAAJ,7004196577,14,12,11,,25.0,5,0,1,2,5,4,0,0,0,3,2,8,42003,0.0,0.0,,,,,,,,,,,,,3348496938277269,-,E-1489-2015,kneD144AAAAJ,7004196577,,,,Maria Ines Borella,0.0,0.0,0.0,0.0,0.0,0.0,0.0,0.0,0.0,0.0,0.0,0.0,0.0,1525.0,,BMC
8803630,Jose Cipolla Neto,Fisiologia Endócrina,PQ-1C,Physiology and Biophysics,Ciências (Fisiologia Humana),2021,2016,5149,2385,2697,1306,2204,914,,400,118,118,2123038879875164,0000-0003-3748-3731,B-1619-2009,Yr80ZbEAAAAJ,7004045391,36,29,25,,52.94117647058,5,9,5,10,4,1,1,0,1,2,9,17,42006,0.0,0.0,,,,,,,,,,,,,2123038879875164,0000-0003-3748-3731,B-1619-2009,Yr80ZbEAAAAJ,7004045391,,,,Jose Cipolla Neto,0.0,0.0,0.0,0.0,0.0,0.0,0.0,0.0,0.0,0.0,0.0,0.0,0.0,1523.0,,BMB
8935678,Wilmar Dias da Silva, , ,,Imunologia,2019,2014,0,0,0,0,0,0,,0,0,0,2762547320425528,não informado,não informado,não informado,não informado,0,0,0,,0.0,0,1,3,1,1,1,0,1,1,1,0,0,42007,,,,,,,,,,,,,,,,,,,,,,,,,,,,,,,,,,,,,,,
9216804,Armando Morais Ventura, , ,Microbiology,Ciências Biológicas (Microbiologia),2019,2016,474,183,308,106,0,0,,75,29,0,3330816610953105,não informado,K-6193-2016,fXsk-K0AAAAJ,7102874110,12,10,0,,0.0,0,1,1,1,1,0,0,0,0,3,0,0,42008,0.0,0.0,,,,,,,,,,,,,3330816610953105,-,K-6193-2016,fXsk-K0AAAAJ,7102874110,,,,Armando Morais Ventura,0.0,0.0,0.0,0.0,0.0,0.0,0.0,0.0,0.0,0.0,0.0,0.0,0.0,1527.0,,BMM
9356581,Sara Joyce Shammah Lagnado, , ,Physiology and Biophysics,Ciências (Fisiologia Humana),2016,2011,0,0,1862,559,0,0,,0,27,0,3912254951941340,não informado,não informado,não informado,6603492405,0,23,0,,0.0,0,0,0,0,0,0,0,0,0,0,0,0,42006,0.0,0.0,,,,,,,,,,,,,3912254951941340,-,-,-,6603492405,,,,Sara Joyce Shammah Lagnado,0.0,0.0,0.0,0.0,0.0,0.0,0.0,0.0,0.0,0.0,0.0,0.0,0.0,1523.0,,BMB
10079701,Ruy Gastaldoni Jaeger,Citologia e Biologia Celular,PQ-1D,Cellular and Development Biology,Biologia de Sistemas,2022,2017,1501,443,1120,393,1005,332,,149,66,97,1505225796119331,0000-0002-1564-0356,G-8230-2011,s://accounts.google.,7201646920,22,21,20,,30.76923076923,2,2,0,7,2,1,0,0,0,3,4,13,42003,0.0,0.0,,,,,,,,,,,,,1505225796119331,0000-0002-1564-0356,G-8230-2011,s://accounts.google.,7201646920,,,,Ruy Gastaldoni Jaeger,0.0,0.0,0.0,0.0,0.0,0.0,0.0,0.0,0.0,0.0,0.0,0.0,0.0,1525.0,,BMC
10186728,Teresinha Tizu Sato Schumaker, , ,,Ciências (Biologia da Relação Patógeno-Hospedeiro),2014,2009,1822,784,998,459,7,1,,120,35,3,8174993656461779,não informado,não informado,JGJcMWcAAAAJ,6603958185,22,17,2,,0.0,0,1,0,0,1,0,0,0,0,0,0,0,42004,,,,,,,,,,,,,,,,,,,,,,,,,,,,,,,,,,,,,,,
10453575,Luiz Roberto Giorgetti de Britto,Fisiologia de Órgãos e Sistemas,PQ-1A,Physiology and Biophysics,Ciências (Fisiologia Humana),2020,2015,1786,621,3436,1420,7,3,,285,194,3,"9,63616955539108E+015",não informado,D-4929-2012,3XKifiEAAAAJ,7005912602,25,32,1,,0.0,5,7,4,14,2,0,0,0,0,0,0,0,42006,0.0,0.0,,,,,,,,,,,,,"9,63616955539108E+015",-,D-4929-2012,3XKifiEAAAAJ,7005912602,,,,Luiz Roberto Giorgetti de Britto,0.0,0.0,0.0,0.0,0.0,0.0,0.0,0.0,0.0,0.0,0.0,0.0,0.0,1523.0,,BMB
10650337,Rui Curi,Fisiologia Endócrina,PQ-1A,Physiology and Biophysics,Ciências (Fisiologia Humana),2018,2015,0,0,16017,6446,8632,3875,,0,507,371,1414984410442703,não informado,C-9351-2012,s://accounts.google.,55066714100,0,62,42,,53.33333333333,7,10,10,12,2,2,0,3,2,1,8,15,42006,0.0,0.0,,,,,,,,,,,,,1414984410442703,-,C-9351-2012,s://accounts.google.,55066714100,,,,Rui Curi,0.0,0.0,0.0,0.0,0.0,0.0,0.0,0.0,0.0,0.0,0.0,0.0,0.0,1523.0,,BMB
10708239,Edison Luiz Durigon, , ,Microbiology,Ciências Biológicas (Microbiologia),2021,2018,3816,1496,2255,856,124,27,,402,160,27,942014519604427,não informado,não informado,UFXlhD0AAAAJ,16834395300,32,24,6,,0.0,1,3,1,14,7,6,0,0,0,3,0,0,42008,0.0,0.0,,,,,,,,,,,,,942014519604427,-,-,UFXlhD0AAAAJ,16834395300,,,,Edison Luiz Durigon,0.0,0.0,0.0,0.0,0.0,0.0,0.0,0.0,0.0,0.0,0.0,0.0,0.0,1527.0,,BMM
10864391,Maria Tereza Nunes,Fisiologia Endócrina,PQ-1B,Physiology and Biophysics,Ciências (Fisiologia Humana),2021,2016,5149,2302,1236,731,199,60,,678,97,31,4808814043079266,0000-0003-3375-4020,E-7700-2012,iCYOElAAAAAJ,7102002013,36,21,9,,0.0,7,1,14,9,2,1,0,1,2,1,0,0,42006,0.0,0.0,,,,,,,,,,,,,4808814043079266,0000-0003-3375-4020,E-7700-2012,iCYOElAAAAAJ,7102002013,,,,Maria Tereza Nunes,0.0,0.0,0.0,0.0,0.0,0.0,0.0,0.0,0.0,0.0,0.0,0.0,0.0,1523.0,,BMB
11169097,Ii Sei Watanabe, , ,,Ciências Morfofuncionais,2018,2013,0,0,945,453,114,35,,0,171,41,2305857280474801,não informado,não informado,não informado,7402438410,0,14,6,,0.0,3,1,2,9,4,2,3,0,2,0,0,0,42002,,,,,,,,,,,,,,,,,,,,,,,,,,,,,,,,,,,,,,,
11286080,Newton Sabino Canteras,Anatomia,PQ-1A,Anatomy,Biologia de Sistemas,2023,2018,8702,3177,6595,2198,5881,1841,,204,106,97,4551062743677069,0000-0002-7205-5372,F-2402-2013,PCTk-LIAAAAJ,6603870486,47,40,38,,0.0,0,0,0,0,0,0,0,0,0,0,0,9,42003,0.0,0.0,,,,,,,,,,,,,4551062743677069,0000-0002-7205-5372,F-2402-2013,PCTk-LIAAAAJ,6603870486,,,,Newton Sabino Canteras,0.0,0.0,0.0,0.0,0.0,0.0,0.0,0.0,0.0,0.0,0.0,0.0,0.0,1522.0,,BMA
11286080,Newton Sabino Canteras,Anatomia,PQ-1A,Anatomy,Ciências Morfofuncionais,2019,2014,8702,3177,6595,2198,5881,1841,,204,106,97,4551062743677069,0000-0002-7205-5372,F-2402-2013,PCTk-LIAAAAJ,6603870486,47,40,38,,0.0,4,5,1,9,0,0,0,0,0,4,0,9,42002,0.0,0.0,,,,,,,,,,,,,4551062743677069,0000-0002-7205-5372,F-2402-2013,PCTk-LIAAAAJ,6603870486,,,,Newton Sabino Canteras,0.0,0.0,0.0,0.0,0.0,0.0,0.0,0.0,0.0,0.0,0.0,0.0,0.0,1522.0,,BMA
11307826,Nancy Amaral Reboucas,Fisiologia Renal,PQ-2,Physiology and Biophysics,Ciências (Fisiologia Humana),2018,2014,797,265,600,204,517,157,,128,40,59,4481538039984743,não informado,E-1841-2013,fKT0QLEAAAAJ,6701442887,16,15,14,,0.0,3,0,2,2,0,0,0,0,0,1,0,0,42006,0.0,0.0,,,,,,,,,,,,,4481538039984743,-,E-1841-2013,fKT0QLEAAAAJ,6701442887,,,,Nancy Amaral Reboucas,0.0,0.0,0.0,0.0,0.0,0.0,0.0,0.0,0.0,0.0,0.0,0.0,0.0,1523.0,,BMB
11584236,Jackson Cioni Bittencourt,Anatomia,PQ-1B,Anatomy,Biologia de Sistemas,2023,2018,6520,1739,5390,1285,4777,910,,202,87,55,7350868156912544,não informado,B-4696-2011,cOGpTjoAAAAJ,7003845333,29,27,25,,0.0,0,0,0,0,0,0,0,0,0,0,0,0,42003,0.0,0.0,,,,,,,,,,,,,7350868156912544,-,B-4696-2011,cOGpTjoAAAAJ,7003845333,,,,Jackson Cioni Bittencourt,0.0,0.0,0.0,0.0,0.0,0.0,0.0,0.0,0.0,0.0,0.0,0.0,0.0,1522.0,,BMA
11584236,Jackson Cioni Bittencourt,Anatomia,PQ-1B,Anatomy,Ciências Morfofuncionais,2024,2019,6520,1739,5390,1285,4777,910,,202,87,55,7350868156912544,não informado,B-4696-2011,cOGpTjoAAAAJ,7003845333,29,27,25,,0.0,1,3,1,13,1,1,0,1,0,3,0,0,42002,0.0,0.0,,,,,,,,,,,,,7350868156912544,-,B-4696-2011,cOGpTjoAAAAJ,7003845333,,,,Jackson Cioni Bittencourt,0.0,0.0,0.0,0.0,0.0,0.0,0.0,0.0,0.0,0.0,0.0,0.0,0.0,1522.0,,BMA
11682224,Estela Maris Andrade Forell Bevilacqua,Embriologia,PQ-1B,Cellular and Development Biology,Biologia de Sistemas,2024,2019,1834,605,1304,480,1049,339,,95,85,65,2571168548572957,0000-0003-4178-4625,H-3354-2011,8A86TAYAAAAJ,7004909379,27,22,20,,60.0,3,2,5,11,3,0,1,0,0,4,6,10,42003,0.0,0.0,,,,,,,,,,,,,2571168548572957,0000-0003-4178-4625,H-3354-2011,8A86TAYAAAAJ,7004909379,,,,Estela Maris Andrade Forell Bevilacqua,0.0,0.0,0.0,0.0,0.0,0.0,0.0,0.0,0.0,0.0,0.0,0.0,0.0,1525.0,,BMC
11894575,Alejandro Miguel Katzin,Protozoologia Parasitária Humana,PQ-1B,Parasitology,Ciências (Biologia da Relação Patógeno-Hospedeiro),2021,2018,2862,895,1976,557,1898,491,,180,81,79,4358350283448719,0000-0002-4782-2162,E-9862-2013,tShPS5gAAAAJ,7003304179,33,26,26,,20.0,3,1,5,4,1,0,0,0,0,3,1,5,42004,0.0,0.0,,,,,,,,,,,,,4358350283448719,0000-0002-4782-2162,E-9862-2013,tShPS5gAAAAJ,7003304179,,,,Alejandro Miguel Katzin,0.0,0.0,0.0,0.0,0.0,0.0,0.0,0.0,0.0,0.0,0.0,0.0,0.0,1528.0,,BMP
12092516,Carlos Eduardo Winter, , ,Parasitology,Ciências (Biologia da Relação Patógeno-Hospedeiro),2019,2014,542,119,397,89,335,27,,68,29,22,8076654236002445,0000-0002-0055-2484,A-3085-2008,jQ8_AukAAAAJ,7202993391,13,12,10,,0.0,0,0,0,1,0,0,0,0,0,4,0,0,42004,0.0,0.0,,,,,,,,,,,,,8076654236002445,0000-0002-0055-2484,A-3085-2008,jQ8_AukAAAAJ,7202993391,,,,Carlos Eduardo Winter,0.0,0.0,0.0,0.0,0.0,0.0,0.0,0.0,0.0,0.0,0.0,0.0,0.0,1528.0,,BMP
12159981,Jeffrey Jon Shaw,Protozoologia de Parasitos,PQ-1B,,Ciências (Biologia da Relação Patógeno-Hospedeiro),2015,2010,0,0,5764,1573,5602,1041,,0,214,182,4665897914902853,não informado,D-2941-2012,não informado,7403898684,0,41,43,,0.0,0,0,3,6,0,1,0,0,2,1,0,0,42004,,,,,,,,,,,,,,,,,,,,,,,,,,,,,,,,,,,,,,,
12170854,Dania Emi Hamassaki,Neurofisiologia,PQ-2,Cellular and Development Biology,Biologia de Sistemas,2018,2013,1165,234,953,191,920,161,,153,51,51,6170942801660703,0000-0002-4351-6002,C-4455-2012,140XIdgAAAAJ,6603312453,21,19,18,,100.0,1,0,1,1,0,0,0,0,0,0,2,2,42003,0.0,0.0,,,,,,,,,,,,,6170942801660703,0000-0002-4351-6002,C-4455-2012,140XIdgAAAAJ,6603312453,,,,Dania Emi Hamassaki,0.0,0.0,0.0,0.0,0.0,0.0,0.0,0.0,0.0,0.0,0.0,0.0,0.0,1525.0,,BMC
12286658,Patricia Castelucci,Fisiologia de Órgãos e Sistemas,PQ-2,Anatomy,Biologia de Sistemas,2023,2018,910,400,758,330,645,258,,118,34,34,3846743219145524,não informado,C-4032-2012,61HnH38AAAAJ,6506977686,14,13,12,,20.0,0,0,0,0,0,0,0,0,0,0,2,10,42003,0.0,0.0,,,,,,,,,,,,,3846743219145524,-,C-4032-2012,61HnH38AAAAJ,6506977686,,,,Patricia Castelucci,0.0,0.0,0.0,0.0,0.0,0.0,0.0,0.0,0.0,0.0,0.0,0.0,0.0,1522.0,,BMA
12286658,Patricia Castelucci,Fisiologia de Órgãos e Sistemas,PQ-2,Anatomy,Ciências Morfofuncionais,2020,2015,910,400,758,330,645,258,,118,34,34,3846743219145524,não informado,C-4032-2012,61HnH38AAAAJ,6506977686,14,13,12,,20.0,2,0,0,0,0,0,0,0,0,0,2,10,42002,0.0,0.0,,,,,,,,,,,,,3846743219145524,-,C-4032-2012,61HnH38AAAAJ,6506977686,,,,Patricia Castelucci,0.0,0.0,0.0,0.0,0.0,0.0,0.0,0.0,0.0,0.0,0.0,0.0,0.0,1522.0,,BMA
12516956,Osvaldo Augusto Brazil Esteves Sant'Anna, , ,,Imunologia,2018,2013,0,0,0,0,0,0,,0,0,0,3479880643352264,não informado,não informado,não informado,não informado,0,0,0,,0.0,1,0,0,0,0,0,0,0,0,1,0,0,42007,,,,,,,,,,,,,,,,,,,,,,,,,,,,,,,,,,,,,,,
12518397,Tomomasa Yano, , ,,Ciências Biológicas (Microbiologia),2016,2013,0,0,0,0,0,0,,0,0,0,3672584345123843,não informado,não informado,não informado,não informado,0,0,0,,0.0,0,0,0,0,5,1,0,0,0,1,0,0,42008,,,,,,,,,,,,,,,,,,,,,,,,,,,,,,,,,,,,,,,
12523768,Gilberto de Nucci, , ,Pharmacology,Farmacologia,2017,2014,13545,2350,10378,1593,10258,1226,,642,379,408,8169240855049337,0000-0002-4346-7941,J-5990-2012,m6_uOpEAAAAJ,7103153424,51,43,42,,26.92307692307,1,4,3,8,6,6,0,1,1,0,7,26,42005,0.0,0.0,,,,,,,,,,,,,8169240855049337,0000-0002-4346-7941,J-5990-2012,m6_uOpEAAAAJ,7103153424,,,,Gilberto de Nucci,0.0,0.0,0.0,0.0,0.0,0.0,0.0,0.0,0.0,0.0,0.0,0.0,0.0,1524.0,,BMF
12539750,Catarina de Fatima Pereira Teixeira, , ,,Imunologia,2020,2015,0,0,1730,701,0,0,,0,69,0,7503851885696045,0000-0001-5887-7663,não informado,não informado,7102632997,0,26,0,,0.0,0,1,1,6,2,0,0,0,0,0,0,0,42007,,,,,,,,,,,,,,,,,,,,,,,,,,,,,,,,,,,,,,,
12609442,Leticia Veras Costa Lotufo,Farmacologia Bioquímica e Molecular,PQ-1C,Pharmacology,Farmacologia,2021,2018,6839,3837,4806,2686,4194,2340,,448,246,250,5193149437979818,0000-0003-1861-5153,D-4998-2014,HEEuwloAAAAJ,6701417956,43,35,33,,52.5,0,2,5,14,3,6,14,2,0,1,21,40,42005,0.0,0.0,,,,,,,,,,,,,5193149437979818,0000-0003-1861-5153,D-4998-2014,HEEuwloAAAAJ,6701417956,,,,Leticia Veras Costa Lotufo,0.0,0.0,0.0,0.0,0.0,0.0,0.0,0.0,0.0,0.0,0.0,0.0,0.0,1524.0,,BMF
13374875,Cecilia Helena de Azevedo Gouveia Ferreira, , ,Anatomy,Ciências Morfofuncionais,2020,2015,1416,608,890,394,0,0,,139,31,0,1349191328955400,não informado,E-3444-2012,db0mZj0AAAAJ,6602745822,20,16,0,,0.0,4,0,0,0,0,0,0,0,0,1,0,0,42002,0.0,0.0,,,,,,,,,,,,,1349191328955400,-,E-3444-2012,db0mZj0AAAAJ,6602745822,,,,Cecilia Helena de Azevedo Gouveia Ferreira,0.0,0.0,0.0,0.0,0.0,0.0,0.0,0.0,0.0,0.0,0.0,0.0,0.0,1522.0,,BMA
18391127,Beatriz Simonsen Stolf Carboni, , ,Parasitology,Ciências (Biologia da Relação Patógeno-Hospedeiro),2020,2015,0,0,591,212,508,141,,0,25,17,7091012096477506,0000-0001-7661-3311,H-7943-2012,não informado,6506699947,0,13,11,,0.0,3,0,0,0,0,0,0,0,0,1,0,1,42004,0.0,0.0,,,,,,,,,,,,,7091012096477506,0000-0001-7661-3311,H-7943-2012,-,6506699947,,,,Beatriz Simonsen Stolf Carboni,0.0,0.0,0.0,0.0,0.0,0.0,0.0,0.0,0.0,0.0,0.0,0.0,0.0,1528.0,,BMP
20478481,Antonio Condino Neto,Alergologia e Imunologia Clínica,PQ-1B,Immunology,Imunologia,2020,2015,3418,2001,1934,1165,265,95,,390,126,47,5546433568874059,0000-0002-1069-3117,D-4762-2012,9iqiCJIAAAAJ,6602689847,34,27,7,,0.0,7,17,1,15,1,4,0,2,2,5,0,0,42007,0.0,0.0,,,,,,,,,,,,,5546433568874059,0000-0002-1069-3117,D-4762-2012,9iqiCJIAAAAJ,6602689847,,,,Antonio Condino Neto,0.0,0.0,0.0,0.0,0.0,0.0,0.0,0.0,0.0,0.0,0.0,0.0,0.0,1526.0,,BMI
28094428,Andréa Cristina Fogaça, , ,Parasitology,Ciências (Biologia da Relação Patógeno-Hospedeiro),2021,2018,708,269,488,192,456,162,,31,19,13,409005829936308,não informado,C-1322-2012,Q6RmXOgAAAAJ,6507003671,11,10,10,,0.0,1,0,0,0,0,0,0,0,0,1,0,3,42004,0.0,0.0,,,,,,,,,,,,,409005829936308,-,C-1322-2012,Q6RmXOgAAAAJ,6507003671,,,,Andréa Cristina Fogaça,0.0,0.0,0.0,0.0,0.0,0.0,0.0,0.0,0.0,0.0,0.0,0.0,0.0,1528.0,,BMP
28718643,Ana Maria Moro, , ,,Imunologia,2022,2017,576,285,281,151,269,138,,75,34,36,2297326040072844,0000-0002-0650-7764,A-5134-2012,b5PtgqsAAAAJ,7006701547,13,10,10,,36.36363636363,0,0,1,2,1,0,0,0,0,0,4,11,42007,,,,,,,,,,,,,,,,,,,,,,,,,,,,,,,,,,,,,,,
32055475,Eliana Faquim de Lima Mauro, , ,,Imunologia,2023,2018,0,0,742,262,698,243,,0,39,37,5797791587512119,0000-0001-8083-4272,M-2489-2017,GvQyg4gAAAAJ,35513568600,0,15,15,,50.0,4,2,0,6,4,0,1,0,0,0,5,10,42007,,,,,,,,,,,,,,,,,,,,,,,,,,,,,,,,,,,,,,,
33452197,Emer Suavinho Ferro,Farmacologia Bioquímica e Molecular,PQ-1A,Cellular and Development Biology,Biologia de Sistemas,2017,2012,3651,1368,2669,962,2456,765,,186,89,80,2513045095177940,0000-0003-1651-9192,D-3908-2012,FOdoj1MAAAAJ,7005059869,31,29,29,,66.66666666666,0,0,4,3,0,1,0,0,0,0,6,9,42003,0.0,0.0,,,,,,,,,,,,,2513045095177940,0000-0003-1651-9192,D-3908-2012,FOdoj1MAAAAJ,7005059869,,,,Emer Suavinho Ferro,0.0,0.0,0.0,0.0,0.0,0.0,0.0,0.0,0.0,0.0,0.0,0.0,0.0,1525.0,,BMC
33452197,Emer Suavinho Ferro,Farmacologia Bioquímica e Molecular,PQ-1A,Pharmacology,Biologia de Sistemas,2017,2012,3651,1368,2669,962,2456,765,,186,89,80,2513045095177940,0000-0003-1651-9192,D-3908-2012,FOdoj1MAAAAJ,7005059869,31,29,29,,66.66666666666,0,0,4,3,0,1,0,0,0,0,6,9,42003,0.0,0.0,,,,,,,,,,,,,2513045095177940,0000-0003-1651-9192,D-3908-2012,FOdoj1MAAAAJ,7005059869,,,,Emer Suavinho Ferro,0.0,0.0,0.0,0.0,0.0,0.0,0.0,0.0,0.0,0.0,0.0,0.0,0.0,1524.0,,BMF
33452197,Emer Suavinho Ferro,Farmacologia Bioquímica e Molecular,PQ-1A,Cellular and Development Biology,Farmacologia,2022,2019,3651,1368,2669,962,2456,765,,186,89,80,2513045095177940,0000-0003-1651-9192,D-3908-2012,FOdoj1MAAAAJ,7005059869,31,29,29,,66.66666666666,1,1,7,8,0,0,0,0,0,1,6,9,42005,0.0,0.0,,,,,,,,,,,,,2513045095177940,0000-0003-1651-9192,D-3908-2012,FOdoj1MAAAAJ,7005059869,,,,Emer Suavinho Ferro,0.0,0.0,0.0,0.0,0.0,0.0,0.0,0.0,0.0,0.0,0.0,0.0,0.0,1525.0,,BMC
33452197,Emer Suavinho Ferro,Farmacologia Bioquímica e Molecular,PQ-1A,Pharmacology,Farmacologia,2022,2019,3651,1368,2669,962,2456,765,,186,89,80,2513045095177940,0000-0003-1651-9192,D-3908-2012,FOdoj1MAAAAJ,7005059869,31,29,29,,66.66666666666,1,1,7,8,0,0,0,0,0,1,6,9,42005,0.0,0.0,,,,,,,,,,,,,2513045095177940,0000-0003-1651-9192,D-3908-2012,FOdoj1MAAAAJ,7005059869,,,,Emer Suavinho Ferro,0.0,0.0,0.0,0.0,0.0,0.0,0.0,0.0,0.0,0.0,0.0,0.0,0.0,1524.0,,BMF
42457399,Alexandre Salgado Basso, , ,,Imunologia,2022,2017,0,0,2134,1148,0,0,,0,29,0,6354870792125973,não informado,não informado,não informado,7101615357,0,19,0,,0.0,0,3,0,0,0,0,0,0,0,0,0,0,42007,,,,,,,,,,,,,,,,,,,,,,,,,,,,,,,,,,,,,,,
44422792,Andréa da Silva Torrão, , ,Physiology and Biophysics,Ciências (Fisiologia Humana),2021,2016,568,335,415,250,325,170,,67,31,26,1684828167908686,não informado,C-2353-2012,imzNnikAAAAJ,6602153666,14,12,12,,0.0,2,0,2,4,0,0,0,0,0,2,0,1,42006,0.0,0.0,,,,,,,,,,,,,1684828167908686,-,C-2353-2012,imzNnikAAAAJ,6602153666,,,,Andréa da Silva Torrão,0.0,0.0,0.0,0.0,0.0,0.0,0.0,0.0,0.0,0.0,0.0,0.0,0.0,1523.0,,BMB
49376688,Ângela Silva Barbosa, , ,,Ciências Biológicas (Microbiologia),2020,2017,1988,951,1221,621,1026,511,,155,59,61,7736770914262333,não informado,I-3518-2013,24hiYkwAAAAJ,9634084700,25,21,20,,60.0,1,5,7,4,1,0,0,0,0,1,12,20,42008,,,,,,,,,,,,,,,,,,,,,,,,,,,,,,,,,,,,,,,
50301679,Ana Paula Lepique, , ,Immunology,Imunologia,2020,2015,980,460,630,293,496,212,,55,27,20,808439926941946,0000-0002-4707-2912,D-5878-2013,yMkM21UAAAAJ,6507394430,14,12,11,,20.0,4,3,3,3,1,0,0,0,1,0,1,5,42007,0.0,0.0,,,,,,,,,,,,,808439926941946,0000-0002-4707-2912,D-5878-2013,yMkM21UAAAAJ,6507394430,,,,Ana Paula Lepique,0.0,0.0,0.0,0.0,0.0,0.0,0.0,0.0,0.0,0.0,0.0,0.0,0.0,1526.0,,BMI
55377798,Alexandre Alarcon Steiner, , ,Immunology,Imunologia,2022,2017,3368,1261,2592,932,2324,802,,115,71,65,966379581858995,0000-0002-0802-4619,G-1288-2012,xBYrHnIAAAAJ,7202824149,33,30,29,,25.0,1,1,1,3,0,0,0,0,3,2,1,4,42007,0.0,0.0,,,,,,,,,,,,,966379581858995,0000-0002-0802-4619,G-1288-2012,xBYrHnIAAAAJ,7202824149,,,,Alexandre Alarcon Steiner,0.0,0.0,0.0,0.0,0.0,0.0,0.0,0.0,0.0,0.0,0.0,0.0,0.0,1526.0,,BMI
57150621,Claudio Romero Farias Marinho,Protozoologia Parasitária Humana,PQ-2,Parasitology,Ciências (Biologia da Relação Patógeno-Hospedeiro),2020,2015,1410,714,942,461,891,441,,134,59,52,1074133203981424,0000-0002-1227-3845,F-7507-2012,zVHkDHAAAAAJ,8687216900,22,17,17,,47.61904761904,4,8,6,12,3,0,2,0,0,2,10,21,42004,0.0,0.0,,,,,,,,,,,,,1074133203981424,0000-0002-1227-3845,F-7507-2012,zVHkDHAAAAAJ,8687216900,,,,Claudio Romero Farias Marinho,0.0,0.0,0.0,0.0,0.0,0.0,0.0,0.0,0.0,0.0,0.0,0.0,0.0,1528.0,,BMP
58649654,Claudimara Ferini Pacicco Lotfi,Fisiologia de Órgãos e Sistemas,PQ-2,Anatomy,Biologia de Sistemas,2023,2018,0,0,533,166,504,164,,0,35,34,8635781915058053,0000-0002-9881-7099,B-7354-2011,s://accounts.google.,6602616111,0,12,12,,20.0,0,0,0,0,0,0,0,0,0,0,2,10,42003,0.0,0.0,,,,,,,,,,,,,8635781915058053,0000-0002-9881-7099,B-7354-2011,s://accounts.google.,6602616111,,,,Claudimara Ferini Pacicco Lotfi,0.0,0.0,0.0,0.0,0.0,0.0,0.0,0.0,0.0,0.0,0.0,0.0,0.0,1522.0,,BMA
58649654,Claudimara Ferini Pacicco Lotfi,Fisiologia de Órgãos e Sistemas,PQ-2,Anatomy,Ciências Morfofuncionais,2020,2015,0,0,533,166,504,164,,0,35,34,8635781915058053,0000-0002-9881-7099,B-7354-2011,s://accounts.google.,6602616111,0,12,12,,20.0,1,0,4,3,1,0,1,0,0,7,2,10,42002,0.0,0.0,,,,,,,,,,,,,8635781915058053,0000-0002-9881-7099,B-7354-2011,s://accounts.google.,6602616111,,,,Claudimara Ferini Pacicco Lotfi,0.0,0.0,0.0,0.0,0.0,0.0,0.0,0.0,0.0,0.0,0.0,0.0,0.0,1522.0,,BMA
63357663,Anselmo Sigari Moriscot,Anatomia,PQ-1D,Anatomy,Biologia de Sistemas,2023,2018,2330,1141,1552,750,1446,683,,160,66,72,2856888348872597,não informado,H-6985-2012,XBOOagwAAAAJ,6603191921,30,25,23,,20.0,1,0,2,2,1,0,0,0,0,0,1,5,42003,0.0,0.0,,,,,,,,,,,,,2856888348872597,-,H-6985-2012,XBOOagwAAAAJ,6603191921,,,,Anselmo Sigari Moriscot,0.0,0.0,0.0,0.0,0.0,0.0,0.0,0.0,0.0,0.0,0.0,0.0,0.0,1522.0,,BMA
63357663,Anselmo Sigari Moriscot,Anatomia,PQ-1D,Anatomy,Ciências Morfofuncionais,2022,2017,2330,1141,1552,750,1446,683,,160,66,72,2856888348872597,não informado,H-6985-2012,XBOOagwAAAAJ,6603191921,30,25,23,,20.0,2,0,3,4,1,0,0,0,0,2,1,5,42002,0.0,0.0,,,,,,,,,,,,,2856888348872597,-,H-6985-2012,XBOOagwAAAAJ,6603191921,,,,Anselmo Sigari Moriscot,0.0,0.0,0.0,0.0,0.0,0.0,0.0,0.0,0.0,0.0,0.0,0.0,0.0,1522.0,,BMA
71533635,Andrea Balan Fernandes,Proteínas,PQ-2,Microbiology,Ciências Biológicas (Microbiologia),2021,2018,515,257,258,164,0,0,,86,34,0,4638028312793699,0000-0001-6199-3198,não informado,ifD2R5MAAAAJ,12806732700,14,9,0,,0.0,0,0,0,0,0,0,0,0,0,2,0,0,42008,0.0,0.0,,,,,,,,,,,,,4638028312793699,0000-0001-6199-3198,-,ifD2R5MAAAAJ,12806732700,,,,Andrea Balan Fernandes,0.0,0.0,0.0,0.0,0.0,0.0,0.0,0.0,0.0,0.0,0.0,0.0,0.0,1527.0,,BMM
82489427,Elisa Mitiko Kawamoto Iwashe, , ,Pharmacology,Farmacologia,2020,2017,0,0,0,0,0,0,,0,0,0,"9,94725975019991E+015",0000-0001-8637-414X,E-3485-2012,não informado,não informado,0,0,0,,0.0,1,1,0,0,0,0,0,0,0,5,0,0,42005,0.0,0.0,,,,,,,,,,,,,"9,94725975019991E+015",0000-0001-8637-414X,E-3485-2012,-,-,,,,Elisa Mitiko Kawamoto Iwashe,0.0,0.0,0.0,0.0,0.0,0.0,0.0,0.0,0.0,0.0,0.0,0.0,0.0,1524.0,,BMF
88659658,José Ricardo Jensen, , ,,Imunologia,2015,2010,198,96,99,57,102,65,,46,21,20,4129395488342844,não informado,F-2927-2017,qE3hyYUAAAAJ,8042155300,8,6,6,,14.28571428571,0,1,2,5,1,0,0,0,0,0,1,7,42007,,,,,,,,,,,,,,,,,,,,,,,,,,,,,,,,,,,,,,,
90538591,Lucia Rossetti Lopes,Farmacologia Cardiorenal,PQ-2,Pharmacology,Farmacologia,2021,2018,1487,810,1040,576,988,533,,92,31,46,8481377182753671,0000-0003-0530-7805,B-9063-2012,6OBGc6IAAAAJ,7102509192,20,17,17,,50.0,0,4,0,1,0,1,0,0,1,1,4,8,42005,0.0,0.0,,,,,,,,,,,,,8481377182753671,0000-0003-0530-7805,B-9063-2012,6OBGc6IAAAAJ,7102509192,,,,Lucia Rossetti Lopes,0.0,0.0,0.0,0.0,0.0,0.0,0.0,0.0,0.0,0.0,0.0,0.0,0.0,1524.0,,BMF
103223845,Fábio Siviero, , ,Cellular and Development Biology,Biologia de Sistemas,2017,2012,468,152,321,100,275,91,,45,19,17,3254593412373218,0000-0001-8998-9705,C-9535-2012,QpkiyKQAAAAJ,6701712664,8,7,6,,0.0,0,0,0,2,0,1,0,0,0,1,0,2,42003,0.0,0.0,,,,,,,,,,,,,3254593412373218,0000-0001-8998-9705,C-9535-2012,QpkiyKQAAAAJ,6701712664,,,,Fábio Siviero,0.0,0.0,0.0,0.0,0.0,0.0,0.0,0.0,0.0,0.0,0.0,0.0,0.0,1525.0,,BMC
109901177,Joao Gustavo Pessini Amarante Mendes,Imunologia Celular,PQ-1B,Parasitology,Biologia de Sistemas,2020,2015,4363,1189,3073,685,2798,625,,144,80,91,3033400086575581,0000-0002-7851-6205,C-8187-2012,_xs8BtoAAAAJ,6701330662,33,26,26,,33.33333333333,0,8,0,1,0,1,0,0,0,0,2,6,42003,0.0,0.0,,,,,,,,,,,,,3033400086575581,0000-0002-7851-6205,C-8187-2012,_xs8BtoAAAAJ,6701330662,,,,Joao Gustavo Pessini Amarante Mendes,0.0,0.0,0.0,0.0,0.0,0.0,0.0,0.0,0.0,0.0,0.0,0.0,0.0,1528.0,,BMP
109901177,Joao Gustavo Pessini Amarante Mendes,Imunologia Celular,PQ-1B,Parasitology,Imunologia,2022,2017,4363,1189,3073,685,2798,625,,144,80,91,3033400086575581,0000-0002-7851-6205,C-8187-2012,_xs8BtoAAAAJ,6701330662,33,26,26,,33.33333333333,0,9,0,1,0,0,1,0,0,2,2,6,42007,0.0,0.0,,,,,,,,,,,,,3033400086575581,0000-0002-7851-6205,C-8187-2012,_xs8BtoAAAAJ,6701330662,,,,Joao Gustavo Pessini Amarante Mendes,0.0,0.0,0.0,0.0,0.0,0.0,0.0,0.0,0.0,0.0,0.0,0.0,0.0,1528.0,,BMP
121025959,Jose Ernesto Belizario,Imunologia Aplicada,PQ-2,Pharmacology,Farmacologia,2018,2015,1177,649,707,379,470,127,,100,34,24,1941558853616138,0000-0002-3832-5279,C-9191-2013,bJdGtpMAAAAJ,6602216580,19,15,12,,0.0,0,1,6,1,0,1,1,0,0,3,0,0,42005,0.0,0.0,,,,,,,,,,,,,1941558853616138,0000-0002-3832-5279,C-9191-2013,bJdGtpMAAAAJ,6602216580,,,,Jose Ernesto Belizario,0.0,0.0,0.0,0.0,0.0,0.0,0.0,0.0,0.0,0.0,0.0,0.0,0.0,1524.0,,BMF
121054648,Luiziana Ferreira da Silva, , ,Microbiology,Ciências Biológicas (Microbiologia),2021,2018,1679,824,1662,738,191,100,,202,71,8,5007850894196444,0000-0002-2787-4977,K-4847-2016,g3BT0OEAAAAJ,7202197641,21,22,6,,0.0,1,0,1,6,2,3,2,0,1,5,0,2,42008,0.0,0.0,,,,,,,,,,,,,5007850894196444,0000-0002-2787-4977,K-4847-2016,g3BT0OEAAAAJ,7202197641,,,,Luiziana Ferreira da Silva,0.0,0.0,0.0,0.0,0.0,0.0,0.0,0.0,0.0,0.0,0.0,0.0,0.0,1527.0,,BMM
128068519,José Xavier Neto, , ,,Biologia de Sistemas,2019,2014,0,0,0,0,236,60,,0,0,28,922269555899443,não informado,não informado,não informado,não informado,0,0,9,,0.0,1,3,1,3,2,0,0,0,1,1,0,0,42003,,,,,,,,,,,,,,,,,,,,,,,,,,,,,,,,,,,,,,,
135027370,Luciana Biagini Lopes, , ,Pharmacology,Farmacologia,2019,2014,1721,1025,1318,781,1116,644,,87,41,36,6005889298633841,0000-0002-2255-7155,H-4889-2013,vBeSTGAAAAAJ,8610870500,23,20,19,,63.63636363636,0,1,6,5,3,0,0,0,0,3,7,11,42005,0.0,0.0,,,,,,,,,,,,,6005889298633841,0000-0002-2255-7155,H-4889-2013,vBeSTGAAAAAJ,8610870500,,,,Luciana Biagini Lopes,0.0,0.0,0.0,0.0,0.0,0.0,0.0,0.0,0.0,0.0,0.0,0.0,0.0,1524.0,,BMF
149017777,Luciane Valéria Sita, , ,Anatomy,Ciências Morfofuncionais,2019,2014,574,258,386,165,351,136,,22,16,15,8045622029630229,não informado,B-8480-2011,a_dhUFoAAAAJ,8756325200,12,11,10,,66.66666666666,0,0,0,2,1,0,1,0,0,3,2,3,42002,0.0,0.0,,,,,,,,,,,,,8045622029630229,-,B-8480-2011,a_dhUFoAAAAJ,8756325200,,,,Luciane Valéria Sita,0.0,0.0,0.0,0.0,0.0,0.0,0.0,0.0,0.0,0.0,0.0,0.0,0.0,1522.0,,BMA
151646685,José Gregorio Cabrera Gomez, , ,Microbiology,Ciências Biológicas (Microbiologia),2019,2016,26688,12805,631,332,580,291,,3000,39,38,6068911894498452,0000-0003-4624-6113,C-4784-2012,EkfjeHMAAAAJ,7402100610,75,16,14,,36.36363636363,2,0,2,3,2,3,2,0,1,3,4,11,42008,0.0,0.0,,,,,,,,,,,,,6068911894498452,0000-0003-4624-6113,C-4784-2012,EkfjeHMAAAAJ,7402100610,,,,José Gregorio Cabrera Gomez,0.0,0.0,0.0,0.0,0.0,0.0,0.0,0.0,0.0,0.0,0.0,0.0,0.0,1527.0,,BMM
159133859,Maria Oliveira de Souza,Fisiologia de Órgãos e Sistemas,PQ-2,Physiology and Biophysics,Ciências (Fisiologia Humana),2021,2016,495,237,25,1,144,41,,25,4,9,3839166980589906,0000-0003-0946-9377,J-5800-2013,OKuAJxcAAAAJ,7202375930,12,2,8,,0.0,2,3,2,5,0,0,0,0,0,5,0,0,42006,0.0,0.0,,,,,,,,,,,,,3839166980589906,0000-0003-0946-9377,J-5800-2013,OKuAJxcAAAAJ,7202375930,,,,Maria Oliveira de Souza,0.0,0.0,0.0,0.0,0.0,0.0,0.0,0.0,0.0,0.0,0.0,0.0,0.0,1523.0,,BMB
165924244,Marcelo Nicolas Muscara,Farmacologia Bioquímica e Molecular,PQ-1B,Pharmacology,Farmacologia,2019,2016,4479,1659,3282,1116,2750,959,,319,141,179,6939849851265986,0000-0002-8342-5586,F-3250-2012,0WWzkGEAAAAJ,7004169998,37,30,30,,52.0,1,5,3,9,2,0,1,0,0,4,13,25,42005,0.0,0.0,,,,,,,,,,,,,6939849851265986,0000-0002-8342-5586,F-3250-2012,0WWzkGEAAAAJ,7004169998,,,,Marcelo Nicolas Muscara,0.0,0.0,0.0,0.0,0.0,0.0,0.0,0.0,0.0,0.0,0.0,0.0,0.0,1524.0,,BMF
170854167,Maristela Martins de Camargo, , ,Immunology,Imunologia,2019,2014,1028,244,715,153,673,147,,64,28,27,5343968063756340,0000-0003-2815-125X,G-8584-2011,drtypG8AAAAJ,13105470500,12,10,10,,0.0,0,0,0,0,2,1,1,0,0,0,0,2,42007,0.0,0.0,,,,,,,,,,,,,5343968063756340,0000-0003-2815-125X,G-8584-2011,drtypG8AAAAJ,13105470500,,,,Maristela Martins de Camargo,0.0,0.0,0.0,0.0,0.0,0.0,0.0,0.0,0.0,0.0,0.0,0.0,0.0,1526.0,,BMI
172339707,Patricia Cristina Baleeiro Beltrao Braga, , ,,Ciências Biológicas (Microbiologia),2021,2018,1149,1042,8,7,0,0,,57,2,1,3122212287500803,0000-0003-0004-1091,não informado,KKAMG-AAAAAJ,55256776500,12,2,0,,0.0,0,0,0,0,0,0,0,0,0,0,0,0,42008,,,,,,,,,,,,,,,,,,,,,,,,,,,,,,,,,,,,,,,
176878595,Paolo Marinho de Andrade Zanotto, , ,Microbiology,Ciências Biológicas (Microbiologia),2019,2016,6269,3379,3738,2158,161,44,,194,97,22,1156822598069000,não informado,não informado,Qd_URJY2owAC,35551827300,37,29,7,,0.0,3,10,5,9,3,5,0,0,0,4,0,0,42008,0.0,0.0,,,,,,,,,,,,,1156822598069000,-,-,Qd_URJY2owAC,35551827300,,,,Paolo Marinho de Andrade Zanotto,0.0,0.0,0.0,0.0,0.0,0.0,0.0,0.0,0.0,0.0,0.0,0.0,0.0,1527.0,,BMM
180981777,Margareth de Lara Capurro Guimaraes,Entomologia e Malacologia de Parasitos e Vetores,PQ-2,Parasitology,Ciências (Biologia da Relação Patógeno-Hospedeiro),2018,2013,2132,1152,1426,743,957,417,,127,71,56,6446612054631446,0000-0002-7480-2116,F-8679-2012,ivuHgvoAAAAJ,7004519606,24,20,16,,38.88888888888,2,1,4,12,6,2,3,0,4,2,7,18,42004,0.0,0.0,,,,,,,,,,,,,6446612054631446,0000-0002-7480-2116,F-8679-2012,ivuHgvoAAAAJ,7004519606,,,,Margareth de Lara Capurro Guimaraes,0.0,0.0,0.0,0.0,0.0,0.0,0.0,0.0,0.0,0.0,0.0,0.0,0.0,1528.0,,BMP
183607017,Norma Yamanouye, , ,,Biologia de Sistemas,2014,2009,0,0,0,0,0,0,,0,0,0,6838906154916297,não informado,não informado,não informado,não informado,0,0,0,,0.0,0,1,0,0,0,0,0,0,0,0,0,0,42003,,,,,,,,,,,,,,,,,,,,,,,,,,,,,,,,,,,,,,,
186160862,Marucia Chacur,Neurofisiologia,PQ-2,Anatomy,Biologia de Sistemas,2023,2018,2732,853,2051,607,1836,543,,66,33,28,5352202573169558,0000-0002-0172-4110,C-1014-2012,U6x4f9IAAAAJ,6602589570,20,18,18,,0.0,0,0,0,0,0,0,0,0,0,0,0,4,42003,0.0,0.0,,,,,,,,,,,,,5352202573169558,0000-0002-0172-4110,C-1014-2012,U6x4f9IAAAAJ,6602589570,,,,Marucia Chacur,0.0,0.0,0.0,0.0,0.0,0.0,0.0,0.0,0.0,0.0,0.0,0.0,0.0,1522.0,,BMA
186160862,Marucia Chacur,Neurofisiologia,PQ-2,Anatomy,Ciências Morfofuncionais,2021,2016,2732,853,2051,607,1836,543,,66,33,28,5352202573169558,0000-0002-0172-4110,C-1014-2012,U6x4f9IAAAAJ,6602589570,20,18,18,,0.0,5,0,0,5,2,1,0,0,0,4,0,4,42002,0.0,0.0,,,,,,,,,,,,,5352202573169558,0000-0002-0172-4110,C-1014-2012,U6x4f9IAAAAJ,6602589570,,,,Marucia Chacur,0.0,0.0,0.0,0.0,0.0,0.0,0.0,0.0,0.0,0.0,0.0,0.0,0.0,1522.0,,BMA
187339469,Marcelo de Franco, , ,,Imunologia,2022,2017,1151,400,0,0,0,0,,98,0,0,274925425809454,0000-0002-0417-8215,não informado,_QZQBTEAAAAJ,7003873547,21,0,0,,0.0,3,0,0,0,0,0,0,0,0,0,0,0,42007,,,,,,,,,,,,,,,,,,,,,,,,,,,,,,,,,,,,,,,
192072237,Mário Henrique de Barros,Metabolismo e Bioenergética,PQ-1D,Microbiology,Ciências Biológicas (Microbiologia),2020,2017,3273,1074,2310,766,2192,722,,93,40,42,6243058293233495,0000-0003-2977-9815,B-8118-2012,HN58jiwAAAAJ,7102895786,22,21,21,,40.0,1,2,1,2,1,2,0,0,0,0,4,10,42008,0.0,0.0,,,,,,,,,,,,,6243058293233495,0000-0003-2977-9815,B-8118-2012,HN58jiwAAAAJ,7102895786,,,,Mário Henrique de Barros,0.0,0.0,0.0,0.0,0.0,0.0,0.0,0.0,0.0,0.0,0.0,0.0,0.0,1527.0,,BMM
194618877,Maria Luiza Morais Barreto de Chaves,Citologia e Biologia Celular,PQ-1C,Anatomy,Biologia de Sistemas,2023,2018,1534,694,1172,538,775,306,,137,74,35,5968904641095466,0000-0001-5514-7921,C-4459-2012,RgV2shwAAAAJ,6601985784,24,19,18,,30.0,0,0,0,0,0,0,0,0,0,0,3,10,42003,0.0,0.0,,,,,,,,,,,,,5968904641095466,0000-0001-5514-7921,C-4459-2012,RgV2shwAAAAJ,6601985784,,,,Maria Luiza Morais Barreto de Chaves,0.0,0.0,0.0,0.0,0.0,0.0,0.0,0.0,0.0,0.0,0.0,0.0,0.0,1522.0,,BMA
194618877,Maria Luiza Morais Barreto de Chaves,Citologia e Biologia Celular,PQ-1C,Anatomy,Ciências Morfofuncionais,2023,2018,1534,694,1172,538,775,306,,137,74,35,5968904641095466,0000-0001-5514-7921,C-4459-2012,RgV2shwAAAAJ,6601985784,24,19,18,,30.0,3,3,6,3,0,1,1,0,0,2,3,10,42002,0.0,0.0,,,,,,,,,,,,,5968904641095466,0000-0001-5514-7921,C-4459-2012,RgV2shwAAAAJ,6601985784,,,,Maria Luiza Morais Barreto de Chaves,0.0,0.0,0.0,0.0,0.0,0.0,0.0,0.0,0.0,0.0,0.0,0.0,0.0,1522.0,,BMA
196193104,Marilis do Valle Marques,Genética Molecular e de Microorganismos,PQ-1C,Microbiology,Ciências Biológicas (Microbiologia),2020,2017,2434,666,1643,447,1493,323,,109,48,43,2230639531724463,0000-0003-1542-8221,C-3085-2013,PtcI7RQAAAAJ,8849522100,20,16,15,,0.0,3,0,3,3,2,0,0,0,0,3,0,4,42008,0.0,0.0,,,,,,,,,,,,,2230639531724463,0000-0003-1542-8221,C-3085-2013,PtcI7RQAAAAJ,8849522100,,,,Marilis do Valle Marques,0.0,0.0,0.0,0.0,0.0,0.0,0.0,0.0,0.0,0.0,0.0,0.0,0.0,1527.0,,BMM
196551520,Maria Ines Nogueira,Anatomia,PQ-2,Anatomy,Biologia de Sistemas,2023,2018,0,0,552,255,452,193,,0,49,41,1106794232286478,0000-0003-4400-3580,F-9902-2012,Wnq_T-wAAAAJ,7102536026,0,14,13,,60.0,0,0,0,0,0,0,0,0,0,0,3,5,42003,0.0,0.0,,,,,,,,,,,,,1106794232286478,0000-0003-4400-3580,F-9902-2012,Wnq_T-wAAAAJ,7102536026,,,,Maria Ines Nogueira,0.0,0.0,0.0,0.0,0.0,0.0,0.0,0.0,0.0,0.0,0.0,0.0,0.0,1522.0,,BMA
196551520,Maria Ines Nogueira,Anatomia,PQ-2,Anatomy,Ciências Morfofuncionais,2022,2017,0,0,552,255,452,193,,0,49,41,1106794232286478,0000-0003-4400-3580,F-9902-2012,Wnq_T-wAAAAJ,7102536026,0,14,13,,60.0,0,0,2,8,2,1,0,0,0,4,3,5,42002,0.0,0.0,,,,,,,,,,,,,1106794232286478,0000-0003-4400-3580,F-9902-2012,Wnq_T-wAAAAJ,7102536026,,,,Maria Ines Nogueira,0.0,0.0,0.0,0.0,0.0,0.0,0.0,0.0,0.0,0.0,0.0,0.0,0.0,1522.0,,BMA
199805167,Nathalie Cella, , ,Cellular and Development Biology,Biologia de Sistemas,2021,2016,1380,231,732,102,660,80,,34,19,15,5439166845578708,0000-0001-6060-1076,A-3542-2012,t7p-GXwAAAAJ,6603730010,14,12,11,,0.0,2,1,0,2,0,0,0,0,0,1,0,1,42003,0.0,0.0,,,,,,,,,,,,,5439166845578708,0000-0001-6060-1076,A-3542-2012,t7p-GXwAAAAJ,6603730010,,,,Nathalie Cella,0.0,0.0,0.0,0.0,0.0,0.0,0.0,0.0,0.0,0.0,0.0,0.0,0.0,1525.0,,BMC
207817913,Patricia Gama,Citologia e Biologia Celular,PQ-1D,Cellular and Development Biology,Biologia de Sistemas,2020,2015,692,292,485,215,426,181,,87,40,33,2847621257203555,0000-0002-1863-893X,D-4756-2012,07vnZkoAAAAJ,6603394856,15,13,12,,50.0,1,2,5,4,0,0,0,0,0,2,2,4,42003,0.0,0.0,,,,,,,,,,,,,2847621257203555,0000-0002-1863-893X,D-4756-2012,07vnZkoAAAAJ,6603394856,,,,Patricia Gama,0.0,0.0,0.0,0.0,0.0,0.0,0.0,0.0,0.0,0.0,0.0,0.0,0.0,1525.0,,BMC
207817913,Patricia Gama,Citologia e Biologia Celular,PQ-1D,Pharmacology,Biologia de Sistemas,2020,2015,692,292,485,215,426,181,,87,40,33,2847621257203555,0000-0002-1863-893X,D-4756-2012,07vnZkoAAAAJ,6603394856,15,13,12,,50.0,1,2,5,4,0,0,0,0,0,2,2,4,42003,0.0,0.0,,,,,,,,,,,,,2847621257203555,0000-0002-1863-893X,D-4756-2012,07vnZkoAAAAJ,6603394856,,,,Patricia Gama,0.0,0.0,0.0,0.0,0.0,0.0,0.0,0.0,0.0,0.0,0.0,0.0,0.0,1524.0,,BMF
213328428,Maria Carolina Quartim Barbosa Elias Sabbaga, , ,,Ciências (Biologia da Relação Patógeno-Hospedeiro),2020,2015,0,0,0,0,0,0,,0,0,0,4253838966347741,não informado,não informado,não informado,não informado,0,0,0,,0.0,3,7,1,5,0,0,0,0,0,2,0,0,42004,,,,,,,,,,,,,,,,,,,,,,,,,,,,,,,,,,,,,,,
215063916,Maria Notomi Sato,Imunologia Aplicada,PQ-1C,,Imunologia,2023,2018,1586,804,1098,548,968,508,,159,89,79,4256896716670508,0000-0002-7911-1824,C-2853-2012,tgnmUdcAAAAJ,7405726668,23,18,18,,5.0,2,8,7,9,2,3,1,0,0,4,1,20,42007,,,,,,,,,,,,,,,,,,,,,,,,,,,,,,,,,,,,,,,
218395639,Roxane Maria Fontes Piazza, , ,,Ciências Biológicas (Microbiologia),2021,2018,345,192,695,393,567,325,,56,65,47,5237535627178353,não informado,K-9807-2016,hga2jd4AAAAJ,7005554221,12,13,12,,61.53846153846,0,1,4,11,6,0,1,0,1,3,8,13,42008,,,,,,,,,,,,,,,,,,,,,,,,,,,,,,,,,,,,,,,
233107856,Rosana Camarini,Neuropsicofarmacologia,PQ-2,Pharmacology,Farmacologia,2021,2018,1687,865,1321,652,1185,582,,163,60,78,310288272699878,0000-0002-8131-6108,D-2251-2012,KTGVi1IAAAAJ,6602178161,22,22,20,,30.43478260869,3,6,3,7,1,0,1,0,0,4,7,23,42005,0.0,0.0,,,,,,,,,,,,,310288272699878,0000-0002-8131-6108,D-2251-2012,KTGVi1IAAAAJ,6602178161,,,,Rosana Camarini,0.0,0.0,0.0,0.0,0.0,0.0,0.0,0.0,0.0,0.0,0.0,0.0,0.0,1524.0,,BMF
233299247,Robson Francisco de Souza, , ,Microbiology,Ciências Biológicas (Microbiologia),2022,2019,2172,850,1511,654,15,4,,32,28,2,8899757720949,não informado,G-9716-2011,jh0zoEMAAAAJ,8363432200,17,16,2,,0.0,0,0,2,0,0,0,0,0,0,0,0,0,42008,0.0,0.0,,,,,,,,,,,,,8899757720949,-,G-9716-2011,jh0zoEMAAAAJ,8363432200,,,,Robson Francisco de Souza,0.0,0.0,0.0,0.0,0.0,0.0,0.0,0.0,0.0,0.0,0.0,0.0,0.0,1527.0,,BMM
241444827,Rodrigo Alvaro Brandão Lopes Martins, , ,Pharmacology,Farmacologia,2018,2014,7683,4392,175,89,468,228,,400,13,33,3054274954728347,não informado,não informado,eelrfeYAAAAJ,16555791000,41,7,13,,0.0,3,0,0,4,3,1,0,0,0,0,0,0,42005,0.0,0.0,,,,,,,,,,,,,3054274954728347,-,-,eelrfeYAAAAJ,16555791000,,,,Rodrigo Alvaro Brandão Lopes Martins,0.0,0.0,0.0,0.0,0.0,0.0,0.0,0.0,0.0,0.0,0.0,0.0,0.0,1524.0,,BMF
242019000,Yara Cury, , ,,Farmacologia,2018,2013,0,0,1863,796,1645,637,,0,70,60,654256505359678,0000-0002-6245-3166,C-7245-2012,dCYJRqIAAAAJ,6701749775,0,26,25,,0.0,1,4,4,3,0,2,0,1,0,0,0,0,42005,,,,,,,,,,,,,,,,,,,,,,,,,,,,,,,,,,,,,,,
252873267,Vanessa Morais Freitas,Citologia e Biologia Celular,PQ-2,Cellular and Development Biology,Biologia de Sistemas,2021,2016,929,609,613,430,557,374,,106,39,40,5687541848261232,0000-0001-9613-8626,D-7897-2012,M0xiOcEAAAAJ,7004232151,18,15,15,,25.0,3,5,0,11,1,1,0,0,0,2,3,12,42003,0.0,0.0,,,,,,,,,,,,,5687541848261232,0000-0001-9613-8626,D-7897-2012,M0xiOcEAAAAJ,7004232151,,,,Vanessa Morais Freitas,0.0,0.0,0.0,0.0,0.0,0.0,0.0,0.0,0.0,0.0,0.0,0.0,0.0,1525.0,,BMC
263881328,Silvana Chiavegatto, , ,Pharmacology,Farmacologia,2018,2013,2183,762,1587,517,1344,409,,87,34,23,4639530865431823,0000-0001-9511-653X,B-4893-2011,BHbUi08AAAAJ,6602342926,22,20,17,,0.0,0,1,0,3,0,0,0,0,0,3,0,2,42005,0.0,0.0,,,,,,,,,,,,,4639530865431823,0000-0001-9511-653X,B-4893-2011,BHbUi08AAAAJ,6602342926,,,,Silvana Chiavegatto,0.0,0.0,0.0,0.0,0.0,0.0,0.0,0.0,0.0,0.0,0.0,0.0,0.0,1524.0,,BMF
265956499,Welington Luiz de Araujo,Microbiologia Agrícola,PQ-1B,Microbiology,Ciências Biológicas (Microbiologia),2021,2018,6146,3266,3319,1762,446,259,,209,100,21,8146122736393267,0000-0002-2120-8172,G-4905-2012,-sNnhsgAAAAJ,6701803923,38,29,13,,0.0,4,3,1,4,4,8,3,2,0,3,0,1,42008,0.0,0.0,,,,,,,,,,,,,8146122736393267,0000-0002-2120-8172,G-4905-2012,-sNnhsgAAAAJ,6701803923,,,,Welington Luiz de Araujo,0.0,0.0,0.0,0.0,0.0,0.0,0.0,0.0,0.0,0.0,0.0,0.0,0.0,1527.0,,BMM
273312935,Cristoforo Scavone,Farmacologia Bioquímica e Molecular,PQ-1A,Pharmacology,Farmacologia,2021,2018,4534,2061,3044,1331,2095,483,,353,129,108,4447887460691840,0000-0002-1206-0882,C-1580-2012,QEkC3-EAAAAJ,8702208600,37,30,27,,21.42857142857,6,12,9,12,3,2,1,0,1,0,3,14,42005,0.0,0.0,,,,,,,,,,,,,4447887460691840,0000-0002-1206-0882,C-1580-2012,QEkC3-EAAAAJ,8702208600,,,,Cristoforo Scavone,0.0,0.0,0.0,0.0,0.0,0.0,0.0,0.0,0.0,0.0,0.0,0.0,0.0,1524.0,,BMF
273606637,Fabio Bessa Lima,Fisiologia Endócrina,PQ-1B,Physiology and Biophysics,Ciências (Fisiologia Humana),2021,2016,125,112,1677,791,1392,603,,31,71,55,996374647319169,não informado,H-2677-2014,3tn_cDcAAAAJ,7006451144,4,25,23,,0.0,4,2,5,7,1,0,1,1,0,2,0,4,42006,0.0,0.0,,,,,,,,,,,,,996374647319169,-,H-2677-2014,3tn_cDcAAAAJ,7006451144,,,,Fabio Bessa Lima,0.0,0.0,0.0,0.0,0.0,0.0,0.0,0.0,0.0,0.0,0.0,0.0,0.0,1523.0,,BMB
273611615,Charlotte Marianna Hársi Domotor, , ,Microbiology,Ciências Biológicas (Microbiologia),2015,2012,0,0,393,119,0,0,,0,23,0,1279319227513299,não informado,não informado,não informado,6603386818,0,11,0,,0.0,1,0,0,0,0,0,0,0,0,0,0,0,42008,0.0,0.0,,,,,,,,,,,,,1279319227513299,-,-,-,6603386818,,,,Charlotte Marianna Hársi Domotor,0.0,0.0,0.0,0.0,0.0,0.0,0.0,0.0,0.0,0.0,0.0,0.0,0.0,1527.0,,BMM
273634409,Benedito Correa, , ,Microbiology,Ciências Biológicas (Microbiologia),2019,2016,3594,1569,1712,886,1380,551,,389,114,81,3354714475605729,0000-0003-4314-0751,C-7502-2012,qLVSocYAAAAJ,7003438698,36,25,23,,0.0,7,1,8,4,2,4,1,1,0,2,0,0,42008,0.0,0.0,,,,,,,,,,,,,3354714475605729,0000-0003-4314-0751,C-7502-2012,qLVSocYAAAAJ,7003438698,,,,Benedito Correa,0.0,0.0,0.0,0.0,0.0,0.0,0.0,0.0,0.0,0.0,0.0,0.0,0.0,1527.0,,BMM
273648033,Lourdes Isaac,Imunoquímica,PQ-1D,Immunology,Imunologia,2023,2018,1662,903,1166,672,769,357,,178,62,50,5143709705510737,0000-0002-7746-8942,I-7186-2012,fGqM9vEAAAAJ,7005717811,22,20,16,,0.0,3,6,5,10,0,0,0,0,0,8,0,0,42007,0.0,0.0,,,,,,,,,,,,,5143709705510737,0000-0002-7746-8942,I-7186-2012,fGqM9vEAAAAJ,7005717811,,,,Lourdes Isaac,0.0,0.0,0.0,0.0,0.0,0.0,0.0,0.0,0.0,0.0,0.0,0.0,0.0,1526.0,,BMI
273721000,Marilia Cerqueira Leite Seelaender,Metabolismo e Bioenergética,PQ-1D,Cellular and Development Biology,Biologia de Sistemas,2021,2016,3541,2087,2078,1277,1886,1100,,229,112,100,8895104736732511,0000-0002-9999-8020,B-9101-2011,EFDePiMAAAAJ,6701757902,37,28,25,,44.82758620689,8,7,8,9,4,1,0,0,0,3,13,29,42003,0.0,0.0,,,,,,,,,,,,,8895104736732511,0000-0002-9999-8020,B-9101-2011,EFDePiMAAAAJ,6701757902,,,,Marilia Cerqueira Leite Seelaender,0.0,0.0,0.0,0.0,0.0,0.0,0.0,0.0,0.0,0.0,0.0,0.0,0.0,1525.0,,BMC
273757418,Jorge Timenetsky,Medicina Veterinária Preventiva,PQ-2,Microbiology,Ciências Biológicas (Microbiologia),2020,2017,1161,621,660,373,148,50,,186,80,27,3953746933533812,0000-0002-1344-3906,T-3372-2018,cDHEJhcAAAAJ,6701630417,15,12,6,,0.0,2,0,2,5,7,8,3,4,3,5,0,0,42008,0.0,0.0,,,,,,,,,,,,,3953746933533812,0000-0002-1344-3906,T-3372-2018,cDHEJhcAAAAJ,6701630417,,,,Jorge Timenetsky,0.0,0.0,0.0,0.0,0.0,0.0,0.0,0.0,0.0,0.0,0.0,0.0,0.0,1527.0,,BMM
273771042,Heitor Franco de Andrade Junior,Protozoologia de Parasitos,PQ-1D,,Ciências (Biologia da Relação Patógeno-Hospedeiro),2019,2014,3270,1404,1644,709,1708,780,,407,97,121,422319714962244,0000-0003-4697-4647,F-7082-2012,53SuYSMAAAAJ,7004065981,34,24,23,,4.7619047619,2,0,1,4,7,10,0,0,1,1,1,21,42004,,,,,,,,,,,,,,,,,,,,,,,,,,,,,,,,,,,,,,,
280718496,Celia Regina da Silva Garcia,Biologia Geral,PQ-1B,,Ciências (Biologia da Relação Patógeno-Hospedeiro),2020,2015,2779,1318,1718,611,1884,843,,205,54,96,"9,99927493095642E+015",0000-0003-2825-1701,A-4093-2011,QTXnomkAAAAJ,35572287500,32,26,26,,54.54545454545,2,10,4,10,1,0,1,1,0,2,12,22,42004,,,,,,,,,,,,,,,,,,,,,,,,,,,,,,,,,,,,,,,
282918903,Luiz Vicente Rizzo, , ,,Imunologia,2017,2012,6566,2094,5505,1960,3745,1019,,362,187,178,8401671962644482,não informado,B-4458-2009,w0KZ5OIAAAAJ,7102830450,46,43,36,,0.0,0,2,1,5,1,1,1,2,0,2,0,0,42007,,,,,,,,,,,,,,,,,,,,,,,,,,,,,,,,,,,,,,,
284106549,Mônica Valdyrce dos Anjos Lopes Ferreira, , ,,Imunologia,2017,2012,0,0,1141,65,0,0,,0,73,0,3674094662100116,não informado,não informado,não informado,6602497882,0,21,0,,0.0,0,0,1,4,4,1,0,0,0,0,0,0,42007,,,,,,,,,,,,,,,,,,,,,,,,,,,,,,,,,,,,,,,
285690077,Soraia Kátia Pereira Costa,Farmacologia Geral,PQ-2,Pharmacology,Farmacologia,2021,2018,1695,937,830,380,722,316,,202,56,76,5388297056642128,0000-0002-2574-4490,K-7227-2012,_wx__b4AAAAJ,7201998856,25,18,17,,64.70588235294,5,5,5,6,2,0,1,0,0,2,11,17,42005,0.0,0.0,,,,,,,,,,,,,5388297056642128,0000-0002-2574-4490,K-7227-2012,_wx__b4AAAAJ,7201998856,,,,Soraia Kátia Pereira Costa,0.0,0.0,0.0,0.0,0.0,0.0,0.0,0.0,0.0,0.0,0.0,0.0,0.0,1524.0,,BMF
290936627,Fernando Rodrigues de Moraes Abdulkader, , ,Physiology and Biophysics,Ciências (Fisiologia Humana),2020,2015,1334,702,946,495,0,0,,52,27,0,"9,10796494226145E+015",0000-0002-4273-1608,não informado,8udgTVkAAAAJ,6506231246,16,15,0,,0.0,1,1,2,0,1,0,0,0,0,2,0,0,42006,0.0,0.0,,,,,,,,,,,,,"9,10796494226145E+015",0000-0002-4273-1608,-,8udgTVkAAAAJ,6506231246,,,,Fernando Rodrigues de Moraes Abdulkader,0.0,0.0,0.0,0.0,0.0,0.0,0.0,0.0,0.0,0.0,0.0,0.0,0.0,1523.0,,BMB
290972521,Joilson de Oliveira Martins,Farmacologia Bioquímica e Molecular,PQ-1D,,Imunologia,2022,2017,1443,728,884,428,821,394,,126,51,51,4171847613344184,0000-0003-2630-7038,G-4367-2011,YX3iyU4AAAAJ,11940856200,25,19,18,,46.15384615384,0,1,3,3,1,0,0,0,0,0,6,13,42007,,,,,,,,,,,,,,,,,,,,,,,,,,,,,,,,,,,,,,,
295811399,Sandra Coccuzzo Sampaio Vessoni, , ,,Farmacologia,2019,2016,0,0,891,558,817,501,,0,37,35,6181892645004033,não informado,D-1585-2012,não informado,8317317100,0,17,16,,36.36363636363,0,1,4,7,0,1,0,0,0,2,4,11,42005,,,,,,,,,,,,,,,,,,,,,,,,,,,,,,,,,,,,,,,
296102088,Antonio Fernando Pestana de Castro, , ,,Ciências Biológicas (Microbiologia),2014,2011,0,0,1279,308,6,1,,0,91,3,2891639890445554,não informado,não informado,não informado,7003574057,0,22,1,,0.0,0,0,0,0,0,0,0,0,0,0,0,0,42008,,,,,,,,,,,,,,,,,,,,,,,,,,,,,,,,,,,,,,,
301566622,Mauricio Martins Rodrigues, , ,,Imunologia,2015,2014,0,0,4954,1616,0,0,,0,140,0,5370355111008263,não informado,não informado,não informado,7202521157,0,40,0,,0.0,2,4,3,5,0,0,0,0,0,0,0,0,42007,,,,,,,,,,,,,,,,,,,,,,,,,,,,,,,,,,,,,,,
307399790,Carla Lima da Silva, , ,,Imunologia,2019,2014,0,0,82,81,0,0,,0,17,0,1582351352250022,não informado,não informado,não informado,54785293800,0,5,0,,0.0,0,0,1,3,5,1,0,0,0,0,0,0,42007,,,,,,,,,,,,,,,,,,,,,,,,,,,,,,,,,,,,,,,
333999471,Luis Carlos de Souza Ferreira,Biotecnologia,PQ-1B,Microbiology,Ciências (Biologia da Relação Patógeno-Hospedeiro),2022,2019,6916,3547,2307,1121,1735,712,,1065,159,119,7408984376493963,0000-0002-4883-1693,M-3954-2014,QwWNka0AAAAJ,35550625500,38,25,23,,27.27272727272,2,14,6,10,5,2,1,0,0,5,3,11,42004,0.0,0.0,,,,,,,,,,,,,7408984376493963,0000-0002-4883-1693,M-3954-2014,QwWNka0AAAAJ,35550625500,,,,Luis Carlos de Souza Ferreira,0.0,0.0,0.0,0.0,0.0,0.0,0.0,0.0,0.0,0.0,0.0,0.0,0.0,1527.0,,BMM
333999471,Luis Carlos de Souza Ferreira,Biotecnologia,PQ-1B,Microbiology,Ciências Biológicas (Microbiologia),2019,2016,6916,3547,2307,1121,1735,712,,1065,159,119,7408984376493963,0000-0002-4883-1693,M-3954-2014,QwWNka0AAAAJ,35550625500,38,25,23,,27.27272727272,3,14,6,14,4,2,1,1,0,6,3,11,42008,0.0,0.0,,,,,,,,,,,,,7408984376493963,0000-0002-4883-1693,M-3954-2014,QwWNka0AAAAJ,35550625500,,,,Luis Carlos de Souza Ferreira,0.0,0.0,0.0,0.0,0.0,0.0,0.0,0.0,0.0,0.0,0.0,0.0,0.0,1527.0,,BMM
334331556,Nilton Erbet Lincopan Huenuman,Microbiologia Médica,PQ-1D,Microbiology,Ciências Biológicas (Microbiologia),2021,2018,1970,1326,1203,808,969,641,,222,127,80,7773347552369000,não informado,C-3818-2012,q2Lmq-EAAAAJ,6506497254,27,20,18,,14.70588235294,5,9,17,18,5,5,23,0,1,4,5,34,42008,0.0,0.0,,,,,,,,,,,,,7773347552369000,-,C-3818-2012,q2Lmq-EAAAAJ,6506497254,,,,Nilton Erbet Lincopan Huenuman,0.0,0.0,0.0,0.0,0.0,0.0,0.0,0.0,0.0,0.0,0.0,0.0,0.0,1527.0,,BMM
344180136,Momtchilo Russo,Imunologia Celular,PQ-1A,Immunology,Imunologia,2023,2018,5451,1673,3557,1086,2455,681,,322,110,73,"9,14182170335832E+015",0000-0003-3553-3184,D-8614-2012,Fx9a4WcAAAAJ,7402369042,39,33,28,,0.0,2,9,0,4,0,0,0,0,0,2,0,0,42007,0.0,0.0,,,,,,,,,,,,,"9,14182170335832E+015",0000-0003-3553-3184,D-8614-2012,Fx9a4WcAAAAJ,7402369042,,,,Momtchilo Russo,0.0,0.0,0.0,0.0,0.0,0.0,0.0,0.0,0.0,0.0,0.0,0.0,0.0,1526.0,,BMI
357421485,Luís Marcelo Aranha Camargo, , ,Parasitology,Ciências (Biologia da Relação Patógeno-Hospedeiro),2014,2009,4191,2030,5,1,72,25,,272,1,24,766735065718186,0000-0001-9486-6195,não informado,0bu48nUAAAAJ,23569424000,36,1,4,,0.0,2,0,0,4,0,10,6,2,3,1,0,0,42004,0.0,0.0,,,,,,,,,,,,,766735065718186,0000-0001-9486-6195,-,0bu48nUAAAAJ,23569424000,,,,Luís Marcelo Aranha Camargo,0.0,0.0,0.0,0.0,0.0,0.0,0.0,0.0,0.0,0.0,0.0,0.0,0.0,1528.0,,BMP
365128739,Edna Teruko Kimura,Endocrinologia,PQ-1C,Cellular and Development Biology,Biologia de Sistemas,2021,2016,6365,2277,4326,1454,3946,1334,,213,84,85,1377108494455149,0000-0001-8403-4459,D-7334-2012,3zHgQagAAAAJ,7202705624,33,28,27,,16.66666666666,2,2,6,6,2,0,0,0,1,2,3,18,42003,0.0,0.0,,,,,,,,,,,,,1377108494455149,0000-0001-8403-4459,D-7334-2012,3zHgQagAAAAJ,7202705624,,,,Edna Teruko Kimura,0.0,0.0,0.0,0.0,0.0,0.0,0.0,0.0,0.0,0.0,0.0,0.0,0.0,1525.0,,BMC
366332367,Arthur Gruber, , ,Parasitology,Ciências (Biologia da Relação Patógeno-Hospedeiro),2016,2011,4004,969,2626,623,2550,566,,141,37,33,8644261025719801,não informado,B-4711-2011,FZDsWqoAAAAJ,7102127143,22,20,20,,100.0,0,1,2,0,0,1,0,0,0,0,2,2,42004,0.0,0.0,,,,,,,,,,,,,8644261025719801,-,B-4711-2011,FZDsWqoAAAAJ,7102127143,,,,Arthur Gruber,0.0,0.0,0.0,0.0,0.0,0.0,0.0,0.0,0.0,0.0,0.0,0.0,0.0,1528.0,,BMP
381003450,Patricia Pereira Coltri, , ,Cellular and Development Biology,Biologia de Sistemas,2022,2017,130,87,78,50,61,34,,16,15,10,4777447588508123,0000-0001-8447-7516,E-6294-2014,dGiROqsAAAAJ,8966295300,8,6,5,,0.0,0,2,0,3,0,0,0,0,0,2,0,0,42003,0.0,0.0,,,,,,,,,,,,,4777447588508123,0000-0001-8447-7516,E-6294-2014,dGiROqsAAAAJ,8966295300,,,,Patricia Pereira Coltri,0.0,0.0,0.0,0.0,0.0,0.0,0.0,0.0,0.0,0.0,0.0,0.0,0.0,1525.0,,BMC
381707968,Alison Colquhoun,Metabolismo e Bioenergética,PQ-2,Cellular and Development Biology,Biologia de Sistemas,2020,2015,0,0,873,376,854,339,,0,50,47,534142050322380,não informado,C-4031-2012,zXkU1EQAAAAJ,7005350171,0,20,20,,20.0,3,0,4,1,2,0,0,1,1,2,2,10,42003,0.0,0.0,,,,,,,,,,,,,534142050322380,-,C-4031-2012,zXkU1EQAAAAJ,7005350171,,,,Alison Colquhoun,0.0,0.0,0.0,0.0,0.0,0.0,0.0,0.0,0.0,0.0,0.0,0.0,0.0,1525.0,,BMC
382265897,Denise Vilarinho Tambourgi, , ,,Imunologia,2022,2017,0,0,2431,1016,0,0,,0,123,0,"9,56268087097064E+015",0000-0003-1896-9074,não informado,não informado,6701627740,0,29,0,,0.0,2,3,3,19,7,2,0,0,0,2,0,0,42007,,,,,,,,,,,,,,,,,,,,,,,,,,,,,,,,,,,,,,,
382270875,Marcia Pinto Alves Mayer,Periodontia,PQ-2,Microbiology,Ciências Biológicas (Microbiologia),2019,2016,4195,1986,2027,1029,1673,788,,252,107,91,792737615083336,não informado,D-4645-2012,pW97GFwAAAAJ,7402465059,35,25,24,,28.57142857142,2,2,4,18,6,1,4,0,2,1,8,28,42008,0.0,0.0,,,,,,,,,,,,,792737615083336,-,D-4645-2012,pW97GFwAAAAJ,7402465059,,,,Marcia Pinto Alves Mayer,0.0,0.0,0.0,0.0,0.0,0.0,0.0,0.0,0.0,0.0,0.0,0.0,0.0,1527.0,,BMM
382900199,Raif Musa Aziz, , ,Physiology and Biophysics,Ciências (Fisiologia Humana),2014,2009,887,414,709,315,632,287,,44,22,32,567934294054473,0000-0002-0386-4248,F-3434-2013,pKeHIjMAAAAJ,7801613871,15,14,13,,60.0,0,0,0,0,0,0,0,0,0,0,3,5,42006,0.0,0.0,,,,,,,,,,,,,567934294054473,0000-0002-0386-4248,F-3434-2013,pKeHIjMAAAAJ,7801613871,,,,Raif Musa Aziz,0.0,0.0,0.0,0.0,0.0,0.0,0.0,0.0,0.0,0.0,0.0,0.0,0.0,1523.0,,BMB
383332368,Rita de Cassia Cafe Ferreira, , ,Microbiology,Ciências Biológicas (Microbiologia),2019,2016,2693,622,1207,371,0,0,,28,41,1,261504475036186,não informado,não informado,Bb_w608AAAAJ,35392333200,11,13,0,,0.0,1,0,3,3,1,0,0,0,0,3,0,0,42008,0.0,0.0,,,,,,,,,,,,,261504475036186,-,-,Bb_w608AAAAJ,35392333200,,,,Rita de Cassia Cafe Ferreira,0.0,0.0,0.0,0.0,0.0,0.0,0.0,0.0,0.0,0.0,0.0,0.0,0.0,1527.0,,BMM
388263470,José Donato Júnior,Neurofisiologia,PQ-2,Physiology and Biophysics,Ciências (Fisiologia Humana),2022,2017,2507,1777,1755,1263,1589,1167,,95,76,71,230773470450062,0000-0002-4166-7608,A-9662-2010,w_sE9XkAAAAJ,7004878954,26,23,22,,28.57142857142,4,11,12,12,2,1,0,0,3,1,10,35,42006,0.0,0.0,,,,,,,,,,,,,230773470450062,0000-0002-4166-7608,A-9662-2010,w_sE9XkAAAAJ,7004878954,,,,José Donato Júnior,0.0,0.0,0.0,0.0,0.0,0.0,0.0,0.0,0.0,0.0,0.0,0.0,0.0,1523.0,,BMB
394222922,Anderson de Sá Nunes,Imunologia Celular,PQ-2,Immunology,Imunologia,2019,2014,1755,922,1255,668,1195,639,,77,50,50,736417939241196,0000-0002-1859-4973,D-8667-2012,j6EjZUEAAAAJ,6506898271,23,19,19,,55.55555555555,5,2,1,8,0,0,0,0,0,2,5,9,42007,0.0,0.0,,,,,,,,,,,,,736417939241196,0000-0002-1859-4973,D-8667-2012,j6EjZUEAAAAJ,6506898271,,,,Anderson de Sá Nunes,0.0,0.0,0.0,0.0,0.0,0.0,0.0,0.0,0.0,0.0,0.0,0.0,0.0,1526.0,,BMI
399299303,Enrique Mario Boccardo Pierulivo, , ,Microbiology,Ciências Biológicas (Microbiologia),2021,2018,914,496,562,293,513,253,,67,34,33,3001234947123915,0000-0003-1900-0273,A-3960-2012,kuhMFJYAAAAJ,8770419000,17,14,15,,50.0,2,2,3,8,4,0,0,0,1,2,4,8,42008,0.0,0.0,,,,,,,,,,,,,3001234947123915,0000-0003-1900-0273,A-3960-2012,kuhMFJYAAAAJ,8770419000,,,,Enrique Mario Boccardo Pierulivo,0.0,0.0,0.0,0.0,0.0,0.0,0.0,0.0,0.0,0.0,0.0,0.0,0.0,1527.0,,BMM
399584490,Vagner Roberto Antunes,Fisiologia Cardiovascular,PQ-2,Physiology and Biophysics,Ciências (Fisiologia Humana),2019,2014,720,319,562,230,477,189,,82,39,46,3001891583805270,0000-0002-6949-012X,I-1664-2012,lFsEmnkAAAAJ,6602145803,14,13,12,,50.0,5,4,1,6,2,0,0,0,2,0,5,10,42006,0.0,0.0,,,,,,,,,,,,,3001891583805270,0000-0002-6949-012X,I-1664-2012,lFsEmnkAAAAJ,6602145803,,,,Vagner Roberto Antunes,0.0,0.0,0.0,0.0,0.0,0.0,0.0,0.0,0.0,0.0,0.0,0.0,0.0,1523.0,,BMB
405869739,Alice Cristina Rodrigues, , ,Pharmacology,Farmacologia,2022,2019,1107,702,796,522,646,410,,108,42,35,6683814406203359,0000-0002-9005-033X,N-8100-2013,Il0IxpcAAAAJ,15053842000,20,18,16,,44.44444444444,0,2,5,2,1,1,0,0,1,2,4,9,42005,0.0,0.0,,,,,,,,,,,,,6683814406203359,0000-0002-9005-033X,N-8100-2013,Il0IxpcAAAAJ,15053842000,,,,Alice Cristina Rodrigues,0.0,0.0,0.0,0.0,0.0,0.0,0.0,0.0,0.0,0.0,0.0,0.0,0.0,1524.0,,BMF
413777947,Karina Ramalho Bortoluci, , ,,Imunologia,2019,2014,6938,5689,3648,2877,3441,2765,,66,41,40,159648961678651,0000-0001-6780-5397,C-6018-2012,YBlW7FkAAAAJ,24921437700,27,22,22,,0.0,4,7,0,1,1,0,0,0,0,0,0,0,42007,,,,,,,,,,,,,,,,,,,,,,,,,,,,,,,,,,,,,,,
416259873,Carla Roberta de Oliveira Carvalho,Fisiologia Endócrina,PQ-1C,Physiology and Biophysics,Ciências (Fisiologia Humana),2020,2015,4659,1690,2713,859,217,185,,430,87,10,274983743933060,0000-0001-5824-8656,D-4116-2013,T9zTk6oAAAAJ,35445564200,36,29,8,,0.0,4,3,0,1,2,0,0,1,0,1,0,0,42006,0.0,0.0,,,,,,,,,,,,,274983743933060,0000-0001-5824-8656,D-4116-2013,T9zTk6oAAAAJ,35445564200,,,,Carla Roberta de Oliveira Carvalho,0.0,0.0,0.0,0.0,0.0,0.0,0.0,0.0,0.0,0.0,0.0,0.0,0.0,1523.0,,BMB
416262624,Beny Spira,Genética Molecular e de Microorganismos,PQ-1D,Microbiology,Ciências Biológicas (Microbiologia),2021,2018,957,430,677,309,676,311,,63,41,38,1153835367118420,0000-0001-5394-9074,D-6928-2012,guyhM2oAAAAJ,6603924505,17,17,17,,18.18181818181,2,1,3,5,0,3,0,0,0,3,2,11,42008,0.0,0.0,,,,,,,,,,,,,1153835367118420,0000-0001-5394-9074,D-6928-2012,guyhM2oAAAAJ,6603924505,,,,Beny Spira,0.0,0.0,0.0,0.0,0.0,0.0,0.0,0.0,0.0,0.0,0.0,0.0,0.0,1527.0,,BMM
417237133,Eliana Hiromi Akamine, , ,Pharmacology,Farmacologia,2020,2017,1449,828,1037,600,976,558,,106,45,43,4942653438254719,não informado,C-5231-2012,YpkXHa4AAAAJ,6506434015,19,17,16,,43.75,2,0,3,9,3,0,0,0,0,3,7,16,42005,0.0,0.0,,,,,,,,,,,,,4942653438254719,-,C-5231-2012,YpkXHa4AAAAJ,6506434015,,,,Eliana Hiromi Akamine,0.0,0.0,0.0,0.0,0.0,0.0,0.0,0.0,0.0,0.0,0.0,0.0,0.0,1524.0,,BMF
421148007,Gerhard Wunderlich,Protozoologia Parasitária Humana,PQ-2,Parasitology,Ciências (Biologia da Relação Patógeno-Hospedeiro),2019,2016,1857,860,1237,574,1045,489,,105,67,48,472884412790581,0000-0003-1724-0337,G-8245-2012,IBcxLg0AAAAJ,7005910186,24,19,19,,20.0,1,7,3,5,4,2,0,0,0,2,2,10,42004,0.0,0.0,,,,,,,,,,,,,472884412790581,0000-0003-1724-0337,G-8245-2012,IBcxLg0AAAAJ,7005910186,,,,Gerhard Wunderlich,0.0,0.0,0.0,0.0,0.0,0.0,0.0,0.0,0.0,0.0,0.0,0.0,0.0,1528.0,,BMP
421959552,William Tadeu Lara Festuccia,Fisiologia Endócrina,PQ-2,Physiology and Biophysics,Ciências (Fisiologia Humana),2023,2018,2549,1481,1854,1092,556,252,,100,63,13,1158732637354456,0000-0003-4769-0806,C-7618-2012,Kdgi-a0AAAAJ,9733613300,28,24,9,,20.0,4,6,11,3,1,1,0,1,1,1,1,5,42006,0.0,0.0,,,,,,,,,,,,,1158732637354456,0000-0003-4769-0806,C-7618-2012,Kdgi-a0AAAAJ,9733613300,,,,William Tadeu Lara Festuccia,0.0,0.0,0.0,0.0,0.0,0.0,0.0,0.0,0.0,0.0,0.0,0.0,0.0,1523.0,,BMB
423755169,Rodrigo da Silva Galhardo, , ,Microbiology,Ciências Biológicas (Microbiologia),2021,2018,1601,670,1058,434,1029,420,,49,23,23,8592482779792157,0000-0002-5686-9704,L-2238-2016,H4nTvmUAAAAJ,6507994437,15,14,14,,33.33333333333,1,0,3,1,1,0,0,0,0,4,1,3,42008,0.0,0.0,,,,,,,,,,,,,8592482779792157,0000-0002-5686-9704,L-2238-2016,H4nTvmUAAAAJ,6507994437,,,,Rodrigo da Silva Galhardo,0.0,0.0,0.0,0.0,0.0,0.0,0.0,0.0,0.0,0.0,0.0,0.0,0.0,1527.0,,BMM
424693260,Camila Squarzoni Dale,Neurofisiologia,PQ-2,Anatomy,Biologia de Sistemas,2023,2018,0,0,784,451,655,368,,0,30,26,7054669706344704,0000-0002-3421-7799,H-8618-2014,ki36ZbUAAAAJ,55411967300,0,15,14,,50.0,0,0,0,1,0,0,0,0,0,0,1,2,42003,0.0,0.0,,,,,,,,,,,,,7054669706344704,0000-0002-3421-7799,H-8618-2014,ki36ZbUAAAAJ,55411967300,,,,Camila Squarzoni Dale,0.0,0.0,0.0,0.0,0.0,0.0,0.0,0.0,0.0,0.0,0.0,0.0,0.0,1522.0,,BMA
424693260,Camila Squarzoni Dale,Neurofisiologia,PQ-2,Anatomy,Ciências Morfofuncionais,2019,2014,0,0,784,451,655,368,,0,30,26,7054669706344704,0000-0002-3421-7799,H-8618-2014,ki36ZbUAAAAJ,55411967300,0,15,14,,50.0,0,1,2,3,3,0,1,0,0,3,1,2,42002,0.0,0.0,,,,,,,,,,,,,7054669706344704,0000-0002-3421-7799,H-8618-2014,ki36ZbUAAAAJ,55411967300,,,,Camila Squarzoni Dale,0.0,0.0,0.0,0.0,0.0,0.0,0.0,0.0,0.0,0.0,0.0,0.0,0.0,1522.0,,BMA
426371370,Waldir Pereira Elias Junior, , ,,Ciências Biológicas (Microbiologia),2021,2018,1700,857,1198,574,991,490,,77,58,48,278798777870344,0000-0003-3470-5706,B-9890-2013,Q5evaHgAAAAJ,7003709185,24,19,18,,58.33333333333,3,1,5,5,4,0,0,0,0,1,7,12,42008,,,,,,,,,,,,,,,,,,,,,,,,,,,,,,,,,,,,,,,
427971142,Silvia Lacchini, , ,Anatomy,Ciências Morfofuncionais,2018,2013,955,399,602,259,520,240,,117,23,22,1388456714004346,não informado,H-8592-2014,Lh7SjVAAAAAJ,7801634041,17,15,14,,0.0,1,0,1,2,0,0,0,0,0,1,0,4,42002,0.0,0.0,,,,,,,,,,,,,1388456714004346,-,H-8592-2014,Lh7SjVAAAAAJ,7801634041,,,,Silvia Lacchini,0.0,0.0,0.0,0.0,0.0,0.0,0.0,0.0,0.0,0.0,0.0,0.0,0.0,1522.0,,BMA
437521042,Julio Cesar Batista Ferreira,Anatomia Humana,PQ-2,Anatomy,Biologia de Sistemas,2023,2018,2791,2009,1717,1295,1712,1315,,138,48,52,7271809963846268,0000-0003-2694-239X,I-3177-2012,qjciH3wAAAAJ,24168328300,31,25,25,,64.28571428571,0,0,0,0,0,0,0,0,0,0,9,14,42003,0.0,0.0,,,,,,,,,,,,,7271809963846268,0000-0003-2694-239X,I-3177-2012,qjciH3wAAAAJ,24168328300,,,,Julio Cesar Batista Ferreira,0.0,0.0,0.0,0.0,0.0,0.0,0.0,0.0,0.0,0.0,0.0,0.0,0.0,1522.0,,BMA
437521042,Julio Cesar Batista Ferreira,Anatomia Humana,PQ-2,Anatomy,Ciências Morfofuncionais,2022,2017,2791,2009,1717,1295,1712,1315,,138,48,52,7271809963846268,0000-0003-2694-239X,I-3177-2012,qjciH3wAAAAJ,24168328300,31,25,25,,64.28571428571,2,7,8,2,0,0,0,1,0,5,9,14,42002,0.0,0.0,,,,,,,,,,,,,7271809963846268,0000-0003-2694-239X,I-3177-2012,qjciH3wAAAAJ,24168328300,,,,Julio Cesar Batista Ferreira,0.0,0.0,0.0,0.0,0.0,0.0,0.0,0.0,0.0,0.0,0.0,0.0,0.0,1522.0,,BMA
439796643,Carolina Demarchi Munhoz,Farmacologia Bioquímica e Molecular,PQ-2,Pharmacology,Farmacologia,2021,2018,1825,1054,1303,727,968,481,,94,38,24,8692508307035264,0000-0002-8656-5234,I-2118-2012,iYoN2T8AAAAJ,6603582129,22,21,15,,0.0,2,2,2,5,0,0,0,0,0,0,0,0,42005,0.0,0.0,,,,,,,,,,,,,8692508307035264,0000-0002-8656-5234,I-2118-2012,iYoN2T8AAAAJ,6603582129,,,,Carolina Demarchi Munhoz,0.0,0.0,0.0,0.0,0.0,0.0,0.0,0.0,0.0,0.0,0.0,0.0,0.0,1524.0,,BMF
443842840,Martin Andreas Metzger, , ,Physiology and Biophysics,Ciências (Fisiologia Humana),2019,2014,1365,470,1008,318,927,287,,59,30,26,2362691408838978,0000-0002-3155-9814,K-2491-2014,hKDjnFQAAAAJ,7101968729,17,16,16,,16.66666666666,3,2,0,7,1,0,0,0,0,0,1,6,42006,0.0,0.0,,,,,,,,,,,,,2362691408838978,0000-0002-3155-9814,K-2491-2014,hKDjnFQAAAAJ,7101968729,,,,Martin Andreas Metzger,0.0,0.0,0.0,0.0,0.0,0.0,0.0,0.0,0.0,0.0,0.0,0.0,0.0,1523.0,,BMB
449095154,Ariel Mariano Silber,Protozoologia Parasitária Humana,PQ-1D,Parasitology,Ciências (Biologia da Relação Patógeno-Hospedeiro),2021,2018,1663,970,1229,697,89,33,,120,70,15,2269475106602222,0000-0003-4528-4732,não informado,c5dTyLQAAAAJ,7006533058,26,22,5,,0.0,9,3,7,10,3,0,0,1,0,2,0,0,42004,0.0,0.0,,,,,,,,,,,,,2269475106602222,0000-0003-4528-4732,-,c5dTyLQAAAAJ,7006533058,,,,Ariel Mariano Silber,0.0,0.0,0.0,0.0,0.0,0.0,0.0,0.0,0.0,0.0,0.0,0.0,0.0,1528.0,,BMP
451807509,Renata Frazão,Neurofisiologia,PQ-2,Anatomy,Biologia de Sistemas,2023,2018,1381,1038,907,659,844,620,,40,26,24,8328275787978920,não informado,D-1374-2012,O4_eleMAAAAJ,16241468500,17,14,13,,33.33333333333,0,0,0,0,0,0,0,0,0,0,3,9,42003,0.0,0.0,,,,,,,,,,,,,8328275787978920,-,D-1374-2012,O4_eleMAAAAJ,16241468500,,,,Renata Frazão,0.0,0.0,0.0,0.0,0.0,0.0,0.0,0.0,0.0,0.0,0.0,0.0,0.0,1522.0,,BMA
451807509,Renata Frazão,Neurofisiologia,PQ-2,Anatomy,Ciências Morfofuncionais,2022,2017,1381,1038,907,659,844,620,,40,26,24,8328275787978920,não informado,D-1374-2012,O4_eleMAAAAJ,16241468500,17,14,13,,33.33333333333,2,0,7,2,1,0,0,0,0,2,3,9,42002,0.0,0.0,,,,,,,,,,,,,8328275787978920,-,D-1374-2012,O4_eleMAAAAJ,16241468500,,,,Renata Frazão,0.0,0.0,0.0,0.0,0.0,0.0,0.0,0.0,0.0,0.0,0.0,0.0,0.0,1522.0,,BMA
451994839,Silvana Auxiliadora Bordin da Silva,Fisiologia de Órgãos e Sistemas,PQ-1C,Physiology and Biophysics,Ciências (Fisiologia Humana),2020,2015,0,0,91,68,0,0,,0,7,0,3929176117729138,0000-0002-0192-8869,G-3147-2012,não informado,6504342236,0,6,0,,0.0,3,3,5,4,1,0,0,0,0,1,0,0,42006,0.0,0.0,,,,,,,,,,,,,3929176117729138,0000-0002-0192-8869,G-3147-2012,-,6504342236,,,,Silvana Auxiliadora Bordin da Silva,0.0,0.0,0.0,0.0,0.0,0.0,0.0,0.0,0.0,0.0,0.0,0.0,0.0,1523.0,,BMB
458699419,José Cesar Rosa Neto, , ,Cellular and Development Biology,Biologia de Sistemas,2023,2018,2041,1420,2756,65,1139,803,,110,156,67,6975282991422451,0000-0001-7019-9762,I-8145-2015,LEK8fnUAAAAJ,55253438900,29,30,21,,19.04761904761,2,2,9,12,6,2,0,0,0,5,4,21,42003,0.0,0.0,,,,,,,,,,,,,6975282991422451,0000-0001-7019-9762,I-8145-2015,LEK8fnUAAAAJ,55253438900,,,,José Cesar Rosa Neto,0.0,0.0,0.0,0.0,0.0,0.0,0.0,0.0,0.0,0.0,0.0,0.0,0.0,1525.0,,BMC
461564389,Francemilson Goulart da Silva, , ,Physiology and Biophysics,Ciências (Fisiologia Humana),2020,2015,252,179,112,93,15,2,,39,17,4,6091947850245059,0000-0002-5234-7095,N-4833-2016,vgV0HRQAAAAJ,36647617800,10,7,2,,0.0,0,0,2,5,1,0,0,0,0,0,0,0,42006,0.0,0.0,,,,,,,,,,,,,6091947850245059,0000-0002-5234-7095,N-4833-2016,vgV0HRQAAAAJ,36647617800,,,,Francemilson Goulart da Silva,0.0,0.0,0.0,0.0,0.0,0.0,0.0,0.0,0.0,0.0,0.0,0.0,0.0,1523.0,,BMB
480115561,Luciana Venturini Rossoni,Fisiologia de Órgãos e Sistemas,PQ-1C,Physiology and Biophysics,Ciências (Fisiologia Humana),2019,2014,3132,1808,2188,1257,1490,694,,233,88,55,29962971009244,0000-0002-0944-9483,C-7226-2012,eaeGgIIAAAAJ,7003425818,33,27,23,,0.0,3,5,1,9,0,1,0,0,0,2,0,0,42006,0.0,0.0,,,,,,,,,,,,,29962971009244,0000-0002-0944-9483,C-7226-2012,eaeGgIIAAAAJ,7003425818,,,,Luciana Venturini Rossoni,0.0,0.0,0.0,0.0,0.0,0.0,0.0,0.0,0.0,0.0,0.0,0.0,0.0,1523.0,,BMB
480116478,Chao Yun Irene Yan, , ,Cellular and Development Biology,Biologia de Sistemas,2019,2014,1351,184,1198,185,694,149,,29,26,22,5312644951352619,0000-0003-0527-5719,B-4700-2011,JKFjppAAAAAJ,37044505100,9,12,10,,50.0,3,1,0,3,2,1,1,0,0,2,3,6,42003,0.0,0.0,,,,,,,,,,,,,5312644951352619,0000-0003-0527-5719,B-4700-2011,JKFjppAAAAAJ,37044505100,,,,Chao Yun Irene Yan,0.0,0.0,0.0,0.0,0.0,0.0,0.0,0.0,0.0,0.0,0.0,0.0,0.0,1525.0,,BMC
480381098,Cristiane Rodrigues Guzzo Carvalho,Bacteriologia,PQ-2,Microbiology,Ciências Biológicas (Microbiologia),2020,2017,654,377,0,0,0,0,,39,0,0,6119482284286728,0000-0002-5664-8055,K-2855-2016,kYzDqUcAAAAJ,não informado,11,0,0,,0.0,1,2,4,1,0,0,0,0,0,0,0,0,42008,0.0,0.0,,,,,,,,,,,,,6119482284286728,0000-0002-5664-8055,K-2855-2016,kYzDqUcAAAAJ,-,,,,Cristiane Rodrigues Guzzo Carvalho,0.0,0.0,0.0,0.0,0.0,0.0,0.0,0.0,0.0,0.0,0.0,0.0,0.0,1527.0,,BMM
492223498,Thiago dos Santos Moreira,Fisiologia Cardiovascular,PQ-1D,Physiology and Biophysics,Ciências (Fisiologia Humana),2020,2015,2230,1198,1462,823,1517,752,,170,81,75,243906744273591,0000-0002-9789-8296,B-7244-2011,CwpB5sMAAAAJ,7004203019,26,20,20,,50.0,6,14,6,20,2,0,0,0,0,1,6,12,42006,0.0,0.0,,,,,,,,,,,,,243906744273591,0000-0002-9789-8296,B-7244-2011,CwpB5sMAAAAJ,7004203019,,,,Thiago dos Santos Moreira,0.0,0.0,0.0,0.0,0.0,0.0,0.0,0.0,0.0,0.0,0.0,0.0,0.0,1523.0,,BMB
627247556,Carlos Pelleschi Taborda,Micologia,PQ-1C,Microbiology,Ciências Biológicas (Microbiologia),2021,2018,3252,1291,2189,845,1962,767,,145,81,67,8901498333813231,0000-0001-9928-9809,K-1660-2016,6r1sdNMAAAAJ,6602499839,31,27,24,,58.82352941176,2,3,8,7,1,3,0,1,0,2,10,17,42008,0.0,0.0,,,,,,,,,,,,,8901498333813231,0000-0001-9928-9809,K-1660-2016,6r1sdNMAAAAJ,6602499839,,,,Carlos Pelleschi Taborda,0.0,0.0,0.0,0.0,0.0,0.0,0.0,0.0,0.0,0.0,0.0,0.0,0.0,1527.0,,BMM
628906933,Elen Haruka Miyabara,Anatomia,PQ-2,Anatomy,Biologia de Sistemas,2023,2018,919,567,617,382,577,359,,74,36,39,5537230292280079,0000-0002-2325-9571,E-8143-2012,9WRM1LIAAAAJ,7801402400,19,15,15,,20.0,0,0,2,3,0,0,0,0,0,0,2,10,42003,0.0,0.0,,,,,,,,,,,,,5537230292280079,0000-0002-2325-9571,E-8143-2012,9WRM1LIAAAAJ,7801402400,,,,Elen Haruka Miyabara,0.0,0.0,0.0,0.0,0.0,0.0,0.0,0.0,0.0,0.0,0.0,0.0,0.0,1522.0,,BMA
628906933,Elen Haruka Miyabara,Anatomia,PQ-2,Anatomy,Ciências Morfofuncionais,2020,2015,919,567,617,382,577,359,,74,36,39,5537230292280079,0000-0002-2325-9571,E-8143-2012,9WRM1LIAAAAJ,7801402400,19,15,15,,20.0,3,1,2,5,0,1,2,0,0,1,2,10,42002,0.0,0.0,,,,,,,,,,,,,5537230292280079,0000-0002-2325-9571,E-8143-2012,9WRM1LIAAAAJ,7801402400,,,,Elen Haruka Miyabara,0.0,0.0,0.0,0.0,0.0,0.0,0.0,0.0,0.0,0.0,0.0,0.0,0.0,1522.0,,BMA
649796848,Ana Carolina Takakura Moreira,Fisiologia Cardiovascular,PQ-2,Pharmacology,Farmacologia,2020,2017,2061,1128,1658,890,1351,587,,144,80,59,5873125641108908,0000-0001-6273-0760,F-9180-2016,6gL8DtAAAAAJ,7003321511,25,20,18,,38.46153846153,2,6,2,11,2,0,0,0,0,0,5,13,42005,0.0,0.0,,,,,,,,,,,,,5873125641108908,0000-0001-6273-0760,F-9180-2016,6gL8DtAAAAAJ,7003321511,,,,Ana Carolina Takakura Moreira,0.0,0.0,0.0,0.0,0.0,0.0,0.0,0.0,0.0,0.0,0.0,0.0,0.0,1524.0,,BMF
658210847,Katiucia Batista da Silva Paiva, , ,Anatomy,Ciências Morfofuncionais,2019,2014,618,399,396,252,363,232,,67,21,28,"9,80890240852334E+015",0000-0002-3583-625X,C-3147-2012,4Zk_lbIAAAAJ,26666923300,13,12,12,,10.0,0,0,0,2,3,1,0,0,0,0,1,10,42002,0.0,0.0,,,,,,,,,,,,,"9,80890240852334E+015",0000-0002-3583-625X,C-3147-2012,4Zk_lbIAAAAJ,26666923300,,,,Katiucia Batista da Silva Paiva,0.0,0.0,0.0,0.0,0.0,0.0,0.0,0.0,0.0,0.0,0.0,0.0,0.0,1522.0,,BMA
661910025,Niels Olsen Saraiva Câmara,Nefrologia,PQ-1A,Immunology,Imunologia,2021,2016,7816,5294,4513,3010,4059,2686,,643,276,381,8098379714093877,0000-0001-5436-1248,G-8336-2011,XbqXmhkAAAAJ,6701760127,48,34,33,,31.2,7,32,19,36,7,3,3,0,5,6,39,125,42007,0.0,0.0,,,,,,,,,,,,,8098379714093877,0000-0001-5436-1248,G-8336-2011,XbqXmhkAAAAJ,6701760127,,,,Niels Olsen Saraiva Câmara,0.0,0.0,0.0,0.0,0.0,0.0,0.0,0.0,0.0,0.0,0.0,0.0,0.0,1526.0,,BMI
668357845,Denise Morais da Fonseca,Imunologia Celular,PQ-2,Immunology,Imunologia,2023,2018,0,0,0,0,0,0,,0,0,0,1717770435586287,0000-0001-8310-0186,E-7419-2012,Iax_C2oAAAAJ,23093964400,0,0,0,,0.0,0,3,0,0,1,0,0,1,0,0,0,0,42007,0.0,0.0,,,,,,,,,,,,,1717770435586287,0000-0001-8310-0186,E-7419-2012,Iax_C2oAAAAJ,23093964400,,,,Denise Morais da Fonseca,0.0,0.0,0.0,0.0,0.0,0.0,0.0,0.0,0.0,0.0,0.0,0.0,0.0,1526.0,,BMI
679499919,Jean Pierre Schatzmann Peron,Imunologia Celular,PQ-2,Immunology,Imunologia,2019,2014,2841,2158,2058,1591,854,399,,97,44,22,8556721425351491,0000-0003-1638-8866,F-9248-2012,8MujMEEAAAAJ,7007062460,21,18,12,,0.0,2,6,3,3,2,1,0,0,1,3,0,0,42007,0.0,0.0,,,,,,,,,,,,,8556721425351491,0000-0003-1638-8866,F-9248-2012,8MujMEEAAAAJ,7007062460,,,,Jean Pierre Schatzmann Peron,0.0,0.0,0.0,0.0,0.0,0.0,0.0,0.0,0.0,0.0,0.0,0.0,0.0,1526.0,,BMI
687719645,Orlando Garcia Ribeiro Filho, , ,,Imunologia,2019,2014,1075,325,807,218,4,0,,104,62,10,8008069963450374,não informado,B-5241-2016,tDXTQsYAAAAJ,7004103866,18,15,1,,11.11111111111,1,1,3,5,2,4,0,0,1,0,1,9,42007,,,,,,,,,,,,,,,,,,,,,,,,,,,,,,,,,,,,,,,
723227850,Ana Marcia de Sá Guimarães, , ,Microbiology,Ciências Biológicas (Microbiologia),2020,2017,949,647,560,373,479,318,,77,51,39,3629933108033765,não informado,N-5603-2016,eCfkMtIAAAAJ,15834684700,15,13,12,,77.77777777777,0,0,2,1,1,5,1,0,0,0,7,9,42008,0.0,0.0,,,,,,,,,,,,,3629933108033765,-,N-5603-2016,eCfkMtIAAAAJ,15834684700,,,,Ana Marcia de Sá Guimarães,0.0,0.0,0.0,0.0,0.0,0.0,0.0,0.0,0.0,0.0,0.0,0.0,0.0,1527.0,,BMM
734910823,Gabriela Placoná Diniz, , ,Anatomy,Biologia de Sistemas,2024,2019,496,290,360,218,346,204,,48,22,22,5897299824185137,0000-0003-1278-4431,M-4201-2013,IJk9KaQAAAAJ,8288477200,15,12,12,,33.33333333333,0,0,0,0,0,0,0,0,0,0,1,3,42003,0.0,0.0,,,,,,,,,,,,,5897299824185137,0000-0003-1278-4431,M-4201-2013,IJk9KaQAAAAJ,8288477200,,,,Gabriela Placoná Diniz,0.0,0.0,0.0,0.0,0.0,0.0,0.0,0.0,0.0,0.0,0.0,0.0,0.0,1522.0,,BMA
734910823,Gabriela Placoná Diniz, , ,Anatomy,Ciências Morfofuncionais,2023,2018,496,290,360,218,346,204,,48,22,22,5897299824185137,0000-0003-1278-4431,M-4201-2013,IJk9KaQAAAAJ,8288477200,15,12,12,,33.33333333333,0,4,2,0,0,1,0,0,0,1,1,3,42002,0.0,0.0,,,,,,,,,,,,,5897299824185137,0000-0003-1278-4431,M-4201-2013,IJk9KaQAAAAJ,8288477200,,,,Gabriela Placoná Diniz,0.0,0.0,0.0,0.0,0.0,0.0,0.0,0.0,0.0,0.0,0.0,0.0,0.0,1522.0,,BMA
750514233,Tânia Araújo Viel, , ,,Farmacologia,2018,2015,675,481,408,327,403,306,,37,22,18,4379927391083342,não informado,K-2909-2016,lnrJfN0AAAAJ,8552048700,14,12,13,,28.57142857142,1,1,1,5,0,0,0,1,0,1,2,7,42005,,,,,,,,,,,,,,,,,,,,,,,,,,,,,,,,,,,,,,,
755390708,Pedro Manoel Mendes de Moraes Vieira, , ,,Imunologia,2022,2017,0,0,0,0,0,0,,0,0,0,6667440528985761,não informado,não informado,não informado,57195739452,0,0,0,,0.0,0,6,0,2,0,1,0,0,0,0,0,0,42007,,,,,,,,,,,,,,,,,,,,,,,,,,,,,,,,,,,,,,,
826641477,Mauro Javier Cortez Véliz, , ,Parasitology,Ciências (Biologia da Relação Patógeno-Hospedeiro),2019,2014,724,301,626,301,541,279,,23,22,22,1304821097878408,0000-0001-6536-4647,J-3119-2012,s://accounts.google.,7005014435,15,15,14,,100.0,1,0,3,0,0,0,0,0,0,1,1,1,42004,0.0,0.0,,,,,,,,,,,,,1304821097878408,0000-0001-6536-4647,J-3119-2012,s://accounts.google.,7005014435,,,,Mauro Javier Cortez Véliz,0.0,0.0,0.0,0.0,0.0,0.0,0.0,0.0,0.0,0.0,0.0,0.0,0.0,1528.0,,BMP
868187603,Silvia Beatriz Boscardin,Microbiologia Aplicada,PQ-2,Parasitology,Ciências (Biologia da Relação Patógeno-Hospedeiro),2021,2016,1747,813,1237,556,1199,555,,76,43,41,930830632147222,0000-0002-7845-7110,C-3397-2012,9JkeOoUAAAAJ,6507391120,20,18,18,,26.66666666666,2,7,1,7,0,0,0,0,1,2,4,15,42004,0.0,0.0,,,,,,,,,,,,,930830632147222,0000-0002-7845-7110,C-3397-2012,9JkeOoUAAAAJ,6507391120,,,,Silvia Beatriz Boscardin,0.0,0.0,0.0,0.0,0.0,0.0,0.0,0.0,0.0,0.0,0.0,0.0,0.0,1528.0,,BMP
956945736,Alessandra Pontillo,Imunogenética,PQ-2,Immunology,Imunologia,2023,2018,0,0,1473,796,1256,640,,0,66,43,5264956586383796,0000-0002-7883-0640,D-4352-2012,s://accounts.google.,15073334900,0,21,19,,25.0,0,2,2,12,6,0,1,0,1,2,1,4,42007,0.0,0.0,,,,,,,,,,,,,5264956586383796,0000-0002-7883-0640,D-4352-2012,s://accounts.google.,15073334900,,,,Alessandra Pontillo,0.0,0.0,0.0,0.0,0.0,0.0,0.0,0.0,0.0,0.0,0.0,0.0,0.0,1526.0,,BMI
959883542,Marcio Vinícius Bertacine Dias,Proteínas,PQ-2,Microbiology,Ciências Biológicas (Microbiologia),2020,2017,580,190,0,0,407,123,,40,0,22,957665422453699,0000-0002-5312-0191,K-4610-2017,-MDm6E0AAAAJ,5433224600,13,0,12,,75.0,0,2,1,2,0,1,0,0,1,4,3,4,42008,0.0,0.0,,,,,,,,,,,,,957665422453699,0000-0002-5312-0191,K-4610-2017,-MDm6E0AAAAJ,5433224600,,,,Marcio Vinícius Bertacine Dias,0.0,0.0,0.0,0.0,0.0,0.0,0.0,0.0,0.0,0.0,0.0,0.0,0.0,1527.0,,BMM
979259621,Marilene Hohmuth Lopes, , ,Cellular and Development Biology,Biologia de Sistemas,2022,2017,1690,630,1231,489,1153,430,,69,27,25,4085502364048357,0000-0003-2496-0674,G-8833-2011,v54AQowAAAAJ,7202369142,17,16,15,,33.33333333333,3,2,2,4,0,1,0,0,1,1,2,6,42003,0.0,0.0,,,,,,,,,,,,,4085502364048357,0000-0003-2496-0674,G-8833-2011,v54AQowAAAAJ,7202369142,,,,Marilene Hohmuth Lopes,0.0,0.0,0.0,0.0,0.0,0.0,0.0,0.0,0.0,0.0,0.0,0.0,0.0,1525.0,,BMC
1007535709,Carsten Wrenger,Protozoologia Parasitária Humana,PQ-2,Parasitology,Ciências (Biologia da Relação Patógeno-Hospedeiro),2021,2018,1684,750,1163,491,1039,430,,90,67,62,8767149508727263,não informado,E-4110-2013,Xy_-euIAAAAJ,6602238723,24,21,19,,82.35294117647,5,1,2,9,3,0,1,0,0,15,14,17,42004,0.0,0.0,,,,,,,,,,,,,8767149508727263,-,E-4110-2013,Xy_-euIAAAAJ,6602238723,,,,Carsten Wrenger,0.0,0.0,0.0,0.0,0.0,0.0,0.0,0.0,0.0,0.0,0.0,0.0,0.0,1528.0,,BMP
1076195167,Roberto de Pasquale, , ,Physiology and Biophysics,Ciências (Fisiologia Humana),2020,2015,2196,1229,1396,776,0,0,,22,16,0,195251650050113,não informado,não informado,Iji-RloAAAAJ,16401588900,15,13,0,,0.0,0,3,0,0,0,0,1,0,0,0,0,0,42006,0.0,0.0,,,,,,,,,,,,,195251650050113,-,-,Iji-RloAAAAJ,16401588900,,,,Roberto de Pasquale,0.0,0.0,0.0,0.0,0.0,0.0,0.0,0.0,0.0,0.0,0.0,0.0,0.0,1523.0,,BMB
1077456697,Kelly Ishida, , ,Microbiology,Ciências Biológicas (Microbiologia),2019,2016,741,507,468,344,404,309,,57,31,28,3506391218002956,0000-0002-4602-0926,L-8907-2013,PKBRsWAAAAAJ,7401605315,15,12,11,,42.85714285714,1,0,6,8,2,1,0,0,0,1,6,14,42008,0.0,0.0,,,,,,,,,,,,,3506391218002956,0000-0002-4602-0926,L-8907-2013,PKBRsWAAAAAJ,7401605315,,,,Kelly Ishida,0.0,0.0,0.0,0.0,0.0,0.0,0.0,0.0,0.0,0.0,0.0,0.0,0.0,1527.0,,BMM
1112745346,Giuseppe Palmisano, , ,Parasitology,Ciências (Biologia da Relação Patógeno-Hospedeiro),2020,2017,1833,1308,0,0,891,615,,78,0,32,7279925544830340,0000-0003-1336-6151,N-3602-2013,PN686ckAAAAJ,não informado,24,0,16,,70.58823529411,0,8,5,5,0,0,0,0,0,1,12,17,42004,0.0,0.0,,,,,,,,,,,,,7279925544830340,0000-0003-1336-6151,N-3602-2013,PN686ckAAAAJ,-,,,,Giuseppe Palmisano,0.0,0.0,0.0,0.0,0.0,0.0,0.0,0.0,0.0,0.0,0.0,0.0,0.0,1528.0,,BMP
1157270150,Bruna Cunha de Alencar Bargieri, , ,Immunology,Imunologia,2020,2015,797,381,605,294,560,280,,21,21,20,8239591812587453,0000-0002-7711-1054,J-5089-2014,Y6VWLQcAAAAJ,8687216300,17,16,15,,50.0,0,0,1,1,0,0,0,0,0,1,1,2,42007,0.0,0.0,,,,,,,,,,,,,8239591812587453,0000-0002-7711-1054,J-5089-2014,Y6VWLQcAAAAJ,8687216300,,,,Bruna Cunha de Alencar Bargieri,0.0,0.0,0.0,0.0,0.0,0.0,0.0,0.0,0.0,0.0,0.0,0.0,0.0,1526.0,,BMI
1187040031,Daniel Youssef Bargieri, , ,Parasitology,Ciências (Biologia da Relação Patógeno-Hospedeiro),2019,2016,1054,687,773,511,676,436,,28,29,21,1322820268241368,não informado,A-4461-2013,V-FZBIUAAAAJ,14422017400,17,15,13,,100.0,0,3,5,1,0,0,0,0,0,0,5,5,42004,0.0,0.0,,,,,,,,,,,,,1322820268241368,-,A-4461-2013,V-FZBIUAAAAJ,14422017400,,,,Daniel Youssef Bargieri,0.0,0.0,0.0,0.0,0.0,0.0,0.0,0.0,0.0,0.0,0.0,0.0,0.0,1528.0,,BMP
1247237544,João Agostinho Machado Neto, , ,Pharmacology,Farmacologia,2021,2018,490,461,341,324,300,282,,64,54,40,2613183219332680,0000-0002-2937-8109,L-8975-2016,5qvQMGEAAAAJ,40761630500,14,12,11,,22.22222222222,0,2,0,1,0,1,0,0,0,0,6,27,42005,0.0,0.0,,,,,,,,,,,,,2613183219332680,0000-0002-2937-8109,L-8975-2016,5qvQMGEAAAAJ,40761630500,,,,João Agostinho Machado Neto,0.0,0.0,0.0,0.0,0.0,0.0,0.0,0.0,0.0,0.0,0.0,0.0,0.0,1524.0,,BMF
